ID_kit_api_CAM,cupule_1,cupule_2,cupule_3,cupule_4,cupule_5,cupule_6,cupule_7,cupule_8,cupule_9,cupule_10,cupule_11,cupule_12,cupule_13,cupule_14,cupule_15,cupule_16,cupule_17,cupule_18,cupule_19,cupule_20,cupule_21,ID_strains,ID_reference,manual_annotation,created_CAM,modify_in_pgsql_CAM,ID_tbl_api_CAM,last_change
2051,-,+,+,+,-,+,-,-,-,+,-,-,+/-,-,-,-,-,-,-,-,+,132840,24628,1,2018-02-01 00:00:00,2018-02-02 10:35:03,271.0,2019-11-20 07:22:48
2050,-,+,+,+,-,+,-,-,-,+,-,+,+,-,+,-,-,+,-,-,+,2121,1683,1,2018-01-18 00:00:00,2018-01-19 10:05:03,270.0,2019-11-20 07:22:48
2049,-,+,+,+,+,+,-,-,-,+,-,-,-,-,-,-,-,-,-,-,+,130893,22813,1,2017-11-30 00:00:00,2017-12-04 10:25:03,269.0,2019-11-20 07:22:48
2048,-,+,+,-,-,+,-,+,-,+,-,-,-,-,-,-,-,-,-,-,+,130897,22817,1,2017-11-30 00:00:00,2017-12-01 09:20:04,268.0,2019-11-20 07:22:48
2047,+,-,-,-,+,-,-,-,-,+,-,-,-,-,-,-,-,-,-,-,+,24099,20491,1,2017-11-10 00:00:00,2017-11-21 09:05:03,267.0,2019-11-20 07:22:48
2046,+,-,-,-,+,-,-,-,-,+,-,-,-,-,-,-,-,-,-,-,+,6102,15441,1,2017-11-09 00:00:00,2017-11-21 08:50:03,266.0,2019-11-20 07:22:48
2045,-,+,-,+,-,+/-,-,-,-,+/-,-,+/-,+,+,-,-,-,-,-,-,+,140238,42845,1,2016-02-18 00:00:00,2017-09-22 09:40:03,265.0,2019-11-20 07:22:48
2044,-,+,-,-,-,-,-,-,-,-,-,-,+,+,+,+,-,+/-,-,-,+,140076,42683,1,2017-08-31 00:00:00,2017-09-18 15:30:03,264.0,2019-11-20 07:22:48
2043,+,-,-,-,+,-,-,-,-,+,-,-,-,-,-,-,-,-,-,-,+,157655,64224,1,2017-07-14 00:00:00,2017-09-11 11:10:04,263.0,2019-11-20 07:22:48
2042,+,-,-,-,+,+/-,-,-,-,+,-,-,-,-,-,-,-,-,-,-,+,157654,64223,1,2017-07-14 00:00:00,2017-09-11 11:10:04,262.0,2019-11-20 07:22:48
2041,+,-,-,-,+,-,-,-,-,+,-,-,-,-,-,-,-,-,-,-,+,157653,64222,1,2017-07-07 00:00:00,2017-09-11 11:10:04,261.0,2019-11-20 07:22:48
2040,+,-,-,-,+,-,-,-,-,+,-,-,-,-,-,-,-,-,-,-,+,157652,64221,1,2017-07-04 00:00:00,2017-09-11 11:10:04,260.0,2019-11-20 07:22:48
2039,+,-,-,-,+,-,-,-,-,+,-,-,-,-,-,-,-,-,-,-,+,157651,64220,1,2017-07-05 00:00:00,2017-09-11 11:10:04,259.0,2019-11-20 07:22:48
2038,+,-,-,-,+,-,-,-,-,+,-,+,-,-,-,-,-,-,+/-,-,+,157649,64218,1,2017-06-15 00:00:00,2017-09-11 11:05:03,257.0,2019-11-20 07:22:48
2037,+,+,-,-,+,+,-,-,-,+,-,+,-,-,-,-,-,-,-,-,+,157648,64217,1,2017-06-16 00:00:00,2017-09-11 11:00:04,256.0,2019-11-20 07:22:48
2036,+,-,+/-,+/-,+,-,-,-,-,+,-,+,-,-,-,-,-,-,-,-,+,157647,64216,1,2017-06-20 00:00:00,2017-09-11 11:00:04,255.0,2019-11-20 07:22:48
2035,+,-,-,-,+,+,-,-,-,+,-,-,-,-,-,-,-,-,-,-,,157646,64215,1,2017-06-03 00:00:00,2017-09-11 10:55:03,254.0,2019-11-20 07:22:48
2034,+,-,-,-,+,+,-,-,-,+,-,-,-,-,-,-,-,-,-,-,+,157644,64213,1,2017-06-03 00:00:00,2017-09-11 10:50:04,253.0,2019-11-20 07:22:48
2033,+,-,-,-,+,+/-,-,-,-,+,-,-,-,-,-,-,-,-,-,-,+,157643,64212,1,2017-06-03 00:00:00,2017-09-11 10:50:04,252.0,2019-11-20 07:22:48
2032,+,-,-,-,+,+/-,-,-,-,+,-,-,-,-,-,-,-,-,-,-,+,157642,64211,1,2017-06-03 00:00:00,2017-09-11 10:50:04,251.0,2019-11-20 07:22:48
2031,+,-,-,-,+,+,-,-,-,+,-,-,-,-,-,-,-,-,-,-,+,157641,64210,1,2017-06-03 00:00:00,2017-09-11 10:50:04,250.0,2019-11-20 07:22:48
2030,+,-,-,-,+,+/-,-,-,-,+,-,-,-,-,-,-,-,-,-,-,+,157640,64209,1,2017-06-15 00:00:00,2017-09-11 10:50:03,249.0,2019-11-20 07:22:48
2029,-,+,+,+,-,+,-,-,-,+,-,-,+,-,-,-,+/-,-,-,-,+,132840,24628,1,2017-08-31 00:00:00,2017-09-01 09:30:03,248.0,2019-11-20 07:22:48
2028,-,+,+,-,-,-,-,-,-,+,-,-,+,-,-,+,+,-,-,-,+,2095,3106,1,2017-06-22 00:00:00,2017-06-26 09:15:02,247.0,2019-11-20 07:22:48
2027,-,+,-,-,-,-,-,-,-,-,-,-,-,-,-,-,-,-,-,-,+,2134,7718,1,2017-05-17 00:00:00,2017-05-19 12:10:03,245.0,2019-11-20 07:22:48
2026,-,+,+,+,-,+,+,-,-,+,-,-,-,-,+/-,-,-,-,-,-,+,132840,24628,1,2017-02-16 00:00:00,2017-03-31 11:40:03,241.0,2019-11-20 07:22:48
2025,-,+,+,+,+,+,-,-,-,+,-,+,+,-,-,+/-,+/-,-,+,+,+,132841,24629,1,2017-03-02 00:00:00,2017-03-30 08:50:03,240.0,2019-11-20 07:22:48
2024,-,+,+,-,-,+,-,+,-,+,-,+/-,+,-,+,+/-,+,+/-,-,-,+,130239,21544,1,2017-03-22 00:00:00,2017-03-28 13:10:03,239.0,2019-11-20 07:22:48
2023,-,+,+,+,-,+,+,-,-,+,-,-,+,-,-,-,-,+,+,-,+,23822,20492,1,2017-03-22 00:00:00,2017-03-28 13:00:03,238.0,2019-11-20 07:22:48
2022,-,+,+,+,-,+,-,-,-,+,-,+,-,-,+/-,-,-,-,-,-,+,131220,22859,1,2017-02-16 00:00:00,2017-02-28 14:50:05,237.0,2019-11-20 07:22:48
2021,-,+,+,+,+/-,+,+,-,-,-,-,-,+/-,-,-,-,-,-,-,-,+,131194,22833,1,2017-02-16 00:00:00,2017-02-28 13:40:05,236.0,2019-11-20 07:22:48
2020,-,+,+,+,+/-,+,+/-,-,-,+,-,+,+,-,+,-,-,+/-,+/-,-,+,131236,22875,1,2017-01-17 00:00:00,2017-02-14 14:55:05,235.0,2019-11-20 07:22:48
2019,-,+,+/-,+,-,-,-,-,-,+,-,-,+,-,+,+/-,-,-,+/-,+,+,131200,22839,1,2017-01-18 00:00:00,2017-02-09 14:35:05,232.0,2019-11-20 07:22:48
2018,-,+,+/-,+,-,-,-,+/-,-,+,-,-,+,+/-,+,-,-,-,+,+,+,131225,22864,1,2017-01-18 00:00:00,2017-02-06 14:55:04,231.0,2019-11-20 07:22:48
2017,-,+,+,+,+,+,+,-,-,+,-,-,+,-,+/-,-,-,+/-,+/-,-,+,131218,22857,1,2017-01-18 00:00:00,2017-02-06 14:30:05,230.0,2019-11-20 07:22:48
2016,-,+,+,+,+/-,+,+/-,-,-,+,-,-,+,-,+,-,-,+,-,-,+,130888,22808,1,2017-01-18 00:00:00,2017-02-06 14:25:05,229.0,2019-11-20 07:22:48
2015,-,+,+,+,-,-,-,+,-,+,-,-,+,+/-,+/-,+/-,+,+/-,-,+/-,+,130887,22807,1,2017-01-18 00:00:00,2017-02-06 13:45:05,228.0,2019-11-20 07:22:48
2014,-,+,+,-,-,+,-,+,-,+,-,-,+/-,+/-,+,-,+,-,-,-,+,130890,22810,1,2017-01-18 00:00:00,2017-02-03 12:05:05,227.0,2019-11-20 07:22:48
2013,-,+,+,+,-,+,-,-,-,+,-,-,+,-,+/-,-,-,+/-,-,-,+,131232,22871,1,2017-01-18 00:00:00,2017-02-03 11:55:04,226.0,2019-11-20 07:22:48
2012,-,+,-,-,+,+,-,+,-,+,-,-,-,-,-,-,-,-,-,-,+,2131,4316,1,2016-12-08 00:00:00,2016-12-12 15:30:05,225.0,2019-11-20 07:22:48
2011,-,-,-,+,+,-,-,+,-,-,-,-,-,-,-,-,-,-,-,-,-,140365,42972,1,2016-12-01 00:00:00,2016-12-01 12:25:06,224.0,2019-11-20 07:22:48
2010,-,-,-,+,+,+,-,+,-,-,-,-,-,-,-,-,-,-,-,-,-,140363,42970,1,2016-11-16 00:00:00,2016-11-16 15:05:05,223.0,2019-11-20 07:22:48
2009,+,-,-,-,+,-,-,-,-,+,-,-,-,-,-,-,-,-,-,-,+,6099,3190,1,2016-11-02 00:00:00,2016-11-11 09:05:04,222.0,2019-11-20 07:22:48
2008,+,-,-,-,+,-,-,-,-,+,-,-,+/-,-,-,-,-,-,-,-,+,6102,15441,1,2016-10-19 00:00:00,2016-11-02 07:50:05,221.0,2019-11-20 07:22:48
2007,-,+,+,+,-,+,-,-,-,+,-,-,+,-,+,-,-,-,+/-,-,+,131201,22840,1,2016-10-14 00:00:00,2016-10-18 09:20:05,220.0,2019-11-20 07:22:48
2006,-,+,+,+,+,+,-,-,-,+,-,-,+,-,+,-,-,-,-,-,+,131233,22872,1,2015-11-26 00:00:00,2015-11-26 00:00:00,219.0,2019-11-20 07:22:48
2005,-,+,+,+,+,+,-,-,-,+,-,-,+,-,+,-,-,-,-,-,+,131189,22828,1,2015-11-26 00:00:00,2015-11-26 00:00:00,218.0,2019-11-20 07:22:48
2004,-,+,-,-,-,-,-,-,-,-,-,-,-,-,-,+/-,+,-,-,-,+,130904,22196,1,2016-02-04 00:00:00,2016-02-04 00:00:00,217.0,2019-11-20 07:22:48
2003,-,+,-,-,-,+,-,-,-,+,-,-,+/-,-,+/-,-,+/-,-,-,-,+,131136,22428,1,2016-01-14 00:00:00,2016-01-14 00:00:00,216.0,2019-11-20 07:22:48
2002,-,+,+,-,-,+,-,+,-,-,+,-,+,-,+,-,+,-,-,-,+,130903,22195,1,2016-01-06 00:00:00,2016-01-06 00:00:00,215.0,2019-11-20 07:22:48
2001,-,+,-,-,+,-,-,-,-,+/-,-,-,+,-,+,-,-,-,+,-,+,130903,22195,1,2016-01-06 00:00:00,2016-01-06 00:00:00,214.0,2019-11-20 07:22:48
2000,-,+,+,-,+,+,-,-,-,-,-,-,+,-,+,-,+,-,+,-,+,130905,22197,1,2016-02-04 00:00:00,2016-02-04 00:00:00,213.0,2019-11-20 07:22:48
1999,-,-,-,-,-,-,-,-,-,-,-,-,-,-,-,-,-,-,-,-,+,2119,3702,1,2016-02-23 00:00:00,2016-02-23 00:00:00,212.0,2019-11-20 07:22:48
1998,-,-,+,-,-,+,-,+/-,-,+,-,+,+,+,+,-,+,+,-,-,+,6103,3189,1,2016-03-10 00:00:00,2016-03-10 00:00:00,211.0,2019-11-20 07:22:48
1997,-,-,+,-,-,-,-,-,-,+,-,-,-,-,-,-,-,-,-,-,+,131346,22573,1,2016-01-28 00:00:00,2016-01-28 00:00:00,210.0,2019-11-20 07:22:48
1996,-,-,-,-,-,-,-,-,-,+,-,-,-,-,-,-,-,-,-,-,,132371,24160,1,2014-06-20 00:00:00,2016-01-18 09:02:53,204.0,2019-11-20 07:22:48
1995,-,-,+,-,-,-,-,-,-,+,-,-,-,-,-,-,-,-,-,-,+,131346,22573,1,2014-05-26 00:00:00,2016-01-18 09:02:53,203.0,2019-11-20 07:22:48
1994,-,+,+,-,-,+,-,-,-,+/-,-,-,+,+/-,+,-,+,-,-,-,+,130239,21544,1,2015-05-20 00:00:00,2016-01-18 09:02:53,202.0,2019-11-20 07:22:48
1993,+,-,-,-,+,-,-,-,-,+,-,-,-,-,-,-,-,-,-,-,+,24099,20491,1,2014-01-17 00:00:00,2016-01-18 09:02:53,201.0,2019-11-20 07:22:48
1992,-,+,+,+,-,+,+,-,-,+,-,-,+,-,+/-,-,-,+,+,-,+,23822,20492,1,2015-02-05 00:00:00,2016-01-18 09:02:53,200.0,2019-11-20 07:22:48
1991,-,+,+,+,-,+,-,-,-,+,-,-,-,-,-,-,-,-,-,-,+,131232,22871,1,2013-10-31 00:00:00,2016-01-18 09:02:53,199.0,2019-11-20 07:22:48
1990,-,+,+,-,-,-,-,-,-,+,-,-,-,-,-,+,+,-,-,-,+,2101,18040,1,2011-12-21 00:00:00,2016-01-18 09:02:53,198.0,2019-11-20 07:22:48
1989,-,+,+,-,-,-,-,-,-,-,-,-,-,-,-,-,-,-,-,-,,22945,19121,1,2015-09-23 00:00:00,2016-01-18 09:02:53,197.0,2019-11-20 07:22:48
1988,-,+,+,-,-,+,-,-,-,-,-,-,-,-,-,-,-,-,-,-,-,22945,19121,1,2012-01-26 00:00:00,2016-01-18 09:02:53,196.0,2019-11-20 07:22:48
1987,-,+,-,-,-,-,-,+/-,-,+,-,-,-,-,-,-,-,-,-,-,+,2141,18009,1,2011-11-22 00:00:00,2016-01-18 09:02:53,195.0,2019-11-20 07:22:48
1986,-,+,+,-,-,+,-,+,-,+,-,-,+,-,+,-,+,-,-,-,,130889,22809,1,2013-09-26 00:00:00,2016-01-18 09:02:53,194.0,2019-11-20 07:22:48
1985,-,+,+,+,-,+,-,-,-,+/-,-,-,+,-,+/-,-,-,-,-,-,+,131216,22855,1,2013-09-18 00:00:00,2016-01-18 09:02:53,193.0,2019-11-20 07:22:48
1984,+,+,+,+,-,+,+,+,-,+,-,-,+,+/-,-,-,-,+,+,+/-,+,130892,22812,1,2013-09-18 00:00:00,2016-01-18 09:02:53,192.0,2019-11-20 07:22:48
1983,-,+,+,+,-,+,+,-,-,+,-,-,+/-,-,+/-,-,-,-,+/-,-,,131221,22860,1,2013-12-05 00:00:00,2016-01-18 09:02:53,191.0,2019-11-20 07:22:48
1982,-,+,+,+,+,+,+,-,-,+,-,-,+/-,-,+/-,-,-,+,+/-,-,,131185,22825,1,2013-12-05 00:00:00,2016-01-18 09:02:53,190.0,2019-11-20 07:22:48
1981,-,+,+,+,+,+,-,-,-,+,-,-,+/-,-,+,-,-,-,-,-,+,131212,22851,1,2015-05-20 00:00:00,2016-01-18 09:02:53,189.0,2019-11-20 07:22:48
1980,-,+,+,+,-,+,-,+/-,-,+/-,-,-,+,-,+/-,-,-,+,+/-,-,+,131228,22867,1,2013-12-11 00:00:00,2016-01-18 09:02:53,188.0,2019-11-20 07:22:48
1979,-,+,+,-,-,-,-,-,-,+,-,-,-,-,-,-,-,-,+,-,+,130899,22819,1,2013-09-18 00:00:00,2016-01-18 09:02:53,187.0,2019-11-20 07:22:48
1978,-,+,+,+,-,+,-,-,-,+,-,-,+,-,+/-,-,-,-,-,-,,131203,22842,1,2013-12-05 00:00:00,2016-01-18 09:02:53,186.0,2019-11-20 07:22:48
1977,-,+,+,+,-,+,+,-,-,+,-,-,-,-,-,-,-,-,-,-,+,131207,22846,1,2015-09-23 00:00:00,2016-01-18 09:02:53,185.0,2019-11-20 07:22:48
1976,-,+,+,-,-,+,-,+/-,-,+,-,-,+/-,-,+/-,-,+/-,-,+/-,-,+,130894,22814,1,2013-10-23 00:00:00,2016-01-18 09:02:53,184.0,2019-11-20 07:22:48
1975,-,+/-,+,-,-,-,-,-,-,-,-,-,+,-,-,-,+,-,+/-,+,+,130900,22820,1,2013-09-18 00:00:00,2016-01-18 09:02:53,183.0,2019-11-20 07:22:48
1974,-,+,+,-,-,-,-,-,-,+/-,-,-,-,-,-,-,+/-,-,-,-,,130901,22821,1,2014-04-10 00:00:00,2016-01-18 09:02:53,182.0,2019-11-20 07:22:48
1973,-,+,+,+,-,+,+,-,-,+,-,-,-,-,-,-,-,-,-,-,,131193,22832,1,2015-09-23 00:00:00,2016-01-18 09:02:53,181.0,2019-11-20 07:22:48
1972,-,+,+,+,-,+,+/-,-,-,+,-,-,+,-,+,-,-,-,-,-,+,131186,22826,1,2014-03-19 00:00:00,2016-01-18 09:02:53,180.0,2019-11-20 07:22:48
1971,-,+,+,-,-,+,-,-,-,+,-,-,-,-,-,-,-,-,-,-,+,130895,22815,1,2013-11-14 00:00:00,2016-01-18 09:02:53,179.0,2019-11-20 07:22:48
1970,-,+,+,+,+,+,-,-,-,+,-,-,+,-,+,-,-,-,-,-,+,2155,17513,1,2013-09-18 00:00:00,2016-01-18 09:02:53,178.0,2019-11-20 07:22:48
1969,-,+,+,-,-,+,-,-,-,+,-,-,+,-,+,-,+,-,-,-,,130902,22822,1,2013-09-18 00:00:00,2016-01-18 09:02:53,177.0,2019-11-20 07:22:48
1968,-,+,+,+,-,+,+/-,-,-,+,-,-,+,-,+,-,-,+/-,+,-,+,131192,22831,1,2014-03-19 00:00:00,2016-01-18 09:02:53,176.0,2019-11-20 07:22:48
1967,-,+,+,+,+,+,-,-,-,+,-,-,-,-,+,-,-,-,-,-,+,2145,17498,1,2013-10-31 00:00:00,2016-01-18 09:02:53,175.0,2019-11-20 07:22:48
1966,-,-,-,+/-,-,-,-,-,-,+/-,,,,,,,,,,,,2098,17185,1,2010-05-31 00:00:00,2016-01-18 09:02:53,174.0,2019-11-20 07:22:48
1965,-,+,+,-,-,+,-,-,-,+,-,-,-,-,-,+,-,-,-,-,+,2099,16820,1,2010-03-10 00:00:00,2016-01-18 09:02:53,173.0,2019-11-20 07:22:48
1964,-,+,+,-,+/-,+,-,+,-,+,-,-,+,+,+,-,+,-,-,-,+,2140,16740,1,2009-12-15 00:00:00,2016-01-18 09:02:53,172.0,2019-11-20 07:22:48
1963,-,-,+,-,-,+,-,+/-,-,+/-,-,-,-,-,-,-,-,-,-,-,+,2140,16740,1,2011-06-28 00:00:00,2016-01-18 09:02:53,171.0,2019-11-20 07:22:48
1962,+,+,-,-,+,+,-,-,-,+/-,-,+,-,-,-,-,-,-,-,-,+,2139,16626,1,2013-10-31 00:00:00,2016-01-18 09:02:53,169.0,2019-11-20 07:22:48
1961,+,+,+,+,+,-,-,-,-,+,-,+,-,-,-,-,+/-,-,-,-,+,2139,16626,1,2013-09-18 00:00:00,2016-01-18 09:02:53,168.0,2019-11-20 07:22:48
1960,+,+,+,-,+,+,+/-,-,-,-,-,-,-,-,-,-,-,-,-,-,+,2139,16626,1,2009-09-16 00:00:00,2016-01-18 09:02:53,167.0,2019-11-20 07:22:48
1959,+,+,-,-,-,-,-,-,-,+/-,-,-,-,-,-,+,-,-,-,-,+,6105,16616,1,2013-08-22 00:00:00,2016-01-18 09:02:53,166.0,2019-11-20 07:22:48
1958,+,+,-,-,-,-,-,-,-,+,-,+,+,-,+,-,-,+,-,+,+,6105,16616,1,2009-09-09 00:00:00,2016-01-18 09:02:53,165.0,2019-11-20 07:22:48
1957,+,+,-,-,-,-,-,-,-,-,-,-,-,-,-,-,-,-,-,-,,6108,16601,1,2014-06-20 00:00:00,2016-01-18 09:02:53,164.0,2019-11-20 07:22:48
1956,+,-,-,-,-,-,-,-,-,+,-,-,-,-,-,-,-,-,-,-,+,6108,16601,1,2009-09-08 00:00:00,2016-01-18 09:02:53,163.0,2019-11-20 07:22:48
1955,+,+,-,-,-,+,-,-,-,+,-,-,-,-,-,-,-,-,-,-,+,6107,16600,1,2014-06-19 00:00:00,2016-01-18 09:02:53,162.0,2019-11-20 07:22:48
1954,+,+,+,-,-,+,-,+,-,+,-,-,-,-,-,-,-,-,-,-,+,6107,16600,1,2009-08-27 00:00:00,2016-01-18 09:02:53,161.0,2019-11-20 07:22:48
1953,+,-,+/-,-,+,+,-,+,-,+,-,-,-,-,-,-,-,-,-,-,+,6104,16211,1,2009-03-09 00:00:00,2016-01-18 09:02:53,160.0,2019-11-20 07:22:48
1952,-,-,-,+,-,-,-,-,+,+,+,-,-,-,-,-,-,+,-,-,+,2135,15884,1,2014-10-14 00:00:00,2016-01-18 09:02:53,159.0,2019-11-20 07:22:48
1951,+,+,+,-,-,-,-,-,+,+,-,-,-,-,-,-,-,-,-,-,,2135,15884,1,2008-09-10 00:00:00,2016-01-18 09:02:53,158.0,2019-11-20 07:22:48
1950,-,-,-,-,-,-,-,-,-,-,-,+,+,-,-,-,-,-,-,-,,2138,15877,1,2008-09-10 00:00:00,2016-01-18 09:02:53,157.0,2019-11-20 07:22:48
1949,+,-,+,-,+,-,-,-,-,+,-,-,-,-,-,-,-,-,-,-,+,6102,15441,1,2007-12-19 00:00:00,2016-01-18 09:02:53,156.0,2019-11-20 07:22:48
1948,+,-,-,-,+,-,-,-,-,+,-,-,-,-,-,-,-,-,-,-,+,6102,15441,1,2015-04-01 00:00:00,2016-01-18 09:02:53,155.0,2019-11-20 07:22:48
1947,+,-,-,-,+,+,-,-,-,+,-,-,-,-,-,-,-,-,-,-,+,6102,15441,1,2014-07-30 00:00:00,2016-01-18 09:02:53,154.0,2019-11-20 07:22:48
1946,+,-,-,-,+,-,-,-,-,+,-,-,-,-,-,-,-,-,-,-,+,6102,15441,1,2013-06-11 00:00:00,2016-01-18 09:02:53,153.0,2019-11-20 07:22:48
1945,+,-,-,-,+,+,-,-,-,+,-,-,-,-,-,-,-,-,-,-,+,6102,15441,1,2012-03-01 00:00:00,2016-01-18 09:02:53,152.0,2019-11-20 07:22:48
1944,+,-,-,-,+,-,-,-,-,+,-,-,-,-,-,-,-,-,-,-,+,6102,15441,1,2011-08-03 00:00:00,2016-01-18 09:02:53,151.0,2019-11-20 07:22:48
1943,+,-,-,-,+,+,-,-,-,+,-,-,-,-,-,-,-,-,-,-,+,6102,15441,1,2010-07-29 00:00:00,2016-01-18 09:02:53,150.0,2019-11-20 07:22:48
1942,+,-,-,-,+,+,-,-,-,+,-,-,-,-,-,-,-,-,-,-,+,6102,15441,1,2009-08-19 00:00:00,2016-01-18 09:02:53,149.0,2019-11-20 07:22:48
1941,+,-,-,-,+,-,-,-,-,+,-,-,-,-,-,-,-,-,-,-,+,6102,15441,1,2009-04-28 00:00:00,2016-01-18 09:02:53,148.0,2019-11-20 07:22:48
1940,+,-,+,-,+,-,-,-,-,+,-,-,-,-,-,-,-,-,-,-,+,6102,15441,1,2010-02-11 00:00:00,2016-01-18 09:02:53,147.0,2019-11-20 07:22:48
1939,+,-,-,-,-,-,-,-,+/-,-,+,-,-,-,-,-,-,-,-,-,-,2102,8781,1,2013-09-23 00:00:00,2016-01-18 09:02:53,146.0,2019-11-20 07:22:48
1938,-,+,-,-,-,+,-,-,+,-,+,-,-,-,-,-,-,-,-,-,+,2133,8151,1,2012-04-17 00:00:00,2016-01-18 09:02:53,145.0,2019-11-20 07:22:48
1937,-,-,-,-,-,-,-,+/-,+,-,-,-,-,-,-,-,-,-,-,-,,2133,8151,1,2007-10-23 00:00:00,2016-01-18 09:02:53,144.0,2019-11-20 07:22:48
1936,-,-,,-,-,-,-,-,+,-,+,-,-,-,-,-,-,-,-,-,+,2136,8100,1,2007-07-25 00:00:00,2016-01-18 09:02:53,143.0,2019-11-20 07:22:48
1935,-,-,-,-,-,-,-,-,+,-,+,-,-,-,-,-,-,-,-,-,+,2136,8100,1,2013-09-18 00:00:00,2016-01-18 09:02:53,142.0,2019-11-20 07:22:48
1934,-,+,-,-,+/-,+,-,+/-,-,+/-,+,-,+,+/-,-,+,-,+,-,-,+,2137,7784,1,2010-02-24 00:00:00,2016-01-18 09:02:53,141.0,2019-11-20 07:22:48
1933,-,+,-,-,-,-,-,-,-,-,+,-,+,+,-,+,-,-,-,-,+,2137,7784,1,2007-03-05 00:00:00,2016-01-18 09:02:53,140.0,2019-11-20 07:22:48
1932,-,+,-,-,-,,-,-,-,+,+,-,+,+,-,+,+,+,+,+,,2137,7784,1,2012-12-11 00:00:00,2016-01-18 09:02:53,139.0,2019-11-20 07:22:48
1931,-,+,+,-,-,+,-,-,-,-,-,-,-,-,-,-,-,-,-,-,+,2134,7718,1,2009-04-30 00:00:00,2016-01-18 09:02:53,138.0,2019-11-20 07:22:48
1930,-,-,+,+,-,-,-,-,-,-,-,-,-,-,-,-,-,-,-,-,+,2134,7718,1,2009-03-30 00:00:00,2016-01-18 09:02:53,137.0,2019-11-20 07:22:48
1929,-,+,-,+,-,+,-,-,-,-,-,-,-,-,-,-,-,-,-,-,+,2134,7718,1,2009-03-11 00:00:00,2016-01-18 09:02:53,136.0,2019-11-20 07:22:48
1928,-,+,-,+,-,+/-,-,-,-,-,-,-,-,-,-,-,-,-,-,-,+,2134,7718,1,2014-06-22 00:00:00,2016-01-18 09:02:53,135.0,2019-11-20 07:22:48
1927,-,-,+/-,-,-,-,-,-,-,-,-,-,-,-,-,-,-,-,-,-,+,2134,7718,1,2014-02-04 00:00:00,2016-01-18 09:02:53,134.0,2019-11-20 07:22:48
1926,-,+,-,-,-,-,-,-,-,-,-,-,-,-,-,-,-,-,-,-,+,2134,7718,1,2011-06-30 00:00:00,2016-01-18 09:02:53,133.0,2019-11-20 07:22:48
1925,-,+,-,-,-,-,-,-,-,-,-,-,-,-,-,-,-,-,-,-,+,2097,7326,1,2006-03-08 00:00:00,2016-01-18 09:02:53,132.0,2019-11-20 07:22:48
1924,-,+,-,-,-,-,-,-,-,-,-,-,-,-,-,-,-,-,-,-,-,2097,7326,1,2011-09-30 00:00:00,2016-01-18 09:02:53,131.0,2019-11-20 07:22:48
1923,-,+,-,-,+,+,-,-,-,-,-,-,-,-,-,-,-,-,-,-,+,2132,7162,1,2005-12-07 00:00:00,2016-01-18 09:02:53,130.0,2019-11-20 07:22:48
1922,-,-,-,+/-,+,-,-,-,-,-,-,-,-,-,-,-,-,-,-,-,+,2132,7162,1,2008-01-17 00:00:00,2016-01-18 09:02:53,129.0,2019-11-20 07:22:48
1921,-,+,-,-,-,-,-,-,-,+,-,-,-,-,-,-,+,-,-,-,+,2096,7122,1,2005-11-09 00:00:00,2016-01-18 09:02:53,128.0,2019-11-20 07:22:48
1920,-,-,+,-,-,+,+,+,+,+,-,-,-,-,-,-,-,-,-,-,-,2234,6817,1,2005-04-27 00:00:00,2016-01-18 09:02:53,127.0,2019-11-20 07:22:48
1919,-,+,-,-,-,-,-,-,-,-,-,-,-,-,-,-,-,-,-,-,+,2131,4316,1,2000-12-21 00:00:00,2016-01-18 09:02:53,125.0,2019-11-20 07:22:48
1918,-,+,-,-,+,+,-,+,-,-,-,-,-,-,-,-,-,-,-,-,,2131,4316,1,2003-08-08 00:00:00,2016-01-18 09:02:53,124.0,2019-11-20 07:22:48
1917,-,+,-,-,+,+,-,+,-,+,,,,,,,,,,,,2131,4316,1,2003-08-13 00:00:00,2016-01-18 09:02:53,123.0,2019-11-20 07:22:48
1916,-,+,+/-,-,+,+/-,-,+/-,-,+/-,,,,,,,,,,,,2131,4316,1,2003-08-13 00:00:00,2016-01-18 09:02:53,122.0,2019-11-20 07:22:48
1915,-,+,-,-,-,+,-,-,-,-,-,-,-,-,-,-,-,-,-,-,+,2131,4316,1,2005-02-15 00:00:00,2016-01-18 09:02:53,121.0,2019-11-20 07:22:48
1914,-,+,-,-,+,+/-,-,+/-,-,+/-,-,-,-,-,-,-,-,-,-,-,,2131,4316,1,2013-04-03 00:00:00,2016-01-18 09:02:53,120.0,2019-11-20 07:22:48
1913,-,+,-,-,+,+,-,-,-,-,-,-,-,-,-,-,-,-,-,-,,2131,4316,1,2010-09-01 00:00:00,2016-01-18 09:02:53,119.0,2019-11-20 07:22:48
1912,-,+,-,-,+/-,-,-,-,-,+,,,,,,,,,,,+,2131,4316,1,2015-02-05 00:00:00,2016-01-18 09:02:53,118.0,2019-11-20 07:22:48
1911,+,-,-,+,-,+/-,-,-,+,-,+,-,-,-,-,-,-,-,-,-,+,2130,3970,1,2007-10-07 00:00:00,2016-01-18 09:02:53,117.0,2019-11-20 07:22:48
1910,+,-,-,-,+,-,-,-,-,+,-,-,-,-,-,-,-,-,-,-,+,6101,3863,1,2010-01-19 00:00:00,2016-01-18 09:02:53,116.0,2019-11-20 07:22:48
1909,+,-,-,-,+,+,-,-,-,+,-,-,-,-,-,-,-,-,-,-,+,6101,3863,1,2014-05-14 00:00:00,2016-01-18 09:02:53,115.0,2019-11-20 07:22:48
1908,+,-,-,-,+,+,-,-,-,+,-,-,-,-,-,-,-,-,-,-,+,6101,3863,1,2007-09-13 00:00:00,2016-01-18 09:02:53,114.0,2019-11-20 07:22:48
1907,+,-,-,-,+,+,-,-,-,+,-,-,-,-,-,-,-,-,+/-,-,,6101,3863,1,2009-11-12 00:00:00,2016-01-18 09:02:53,113.0,2019-11-20 07:22:48
1906,+,-,-,-,+,+,-,+,-,+,-,-,-,-,-,-,-,-,-,-,+,6101,3863,1,2005-09-28 00:00:00,2016-01-18 09:02:53,112.0,2019-11-20 07:22:48
1905,+,-,-,-,+,-,-,-,-,+,-,-,-,-,-,-,-,-,-,-,+,6101,3863,1,2001-10-01 00:00:00,2016-01-18 09:02:53,111.0,2019-11-20 07:22:48
1904,-,-,-,-,-,-,-,-,+,-,+,-,-,-,-,-,-,-,-,-,-,2119,3702,1,2006-02-06 00:00:00,2016-01-18 09:02:53,110.0,2019-11-20 07:22:48
2052,-,+,+,-,-,+,-,-,+/-,+,-,-,-,-,-,-,-,-,-,-,+,2126,2005,1,2018-02-22 00:00:00,2018-02-23 10:55:03,273.0,2019-11-20 07:22:48
1903,-,-,-,-,-,-,-,-,-,-,-,-,-,-,-,-,-,-,-,-,-,2119,3702,1,2011-08-03 00:00:00,2016-01-18 09:02:53,109.0,2019-11-20 07:22:48
1902,-,+,+,-,-,+,-,-,-,+,-,-,+,+,+,+,+,-,+,-,+,2094,3369,1,2002-04-17 00:00:00,2016-01-18 09:02:53,106.0,2019-11-20 07:22:48
1901,-,+,+,-,-,+,-,-,-,+,-,-,+,+,+,+,-,-,-,-,+,2094,3369,1,2006-09-11 00:00:00,2016-01-18 09:02:53,105.0,2019-11-20 07:22:48
1900,-,+,+,-,-,+,-,-,-,+,-,-,+,+,+,+,+,-,-,-,+,2094,3369,1,2005-01-25 00:00:00,2016-01-18 09:02:53,104.0,2019-11-20 07:22:48
1899,-,+,+,-,-,+,-,-,-,+,-,-,+,+,+/-,+,+,-,-,-,+/-,2094,3369,1,2008-02-13 00:00:00,2016-01-18 09:02:53,103.0,2019-11-20 07:22:48
1898,-,+,+,-,-,-,-,-,-,+,-,-,-,+/-,-,+/-,+,-,-,-,+,2094,3369,1,2010-03-24 00:00:00,2016-01-18 09:02:53,102.0,2019-11-20 07:22:48
1897,-,+,+,-,-,-,-,-,-,+,-,-,+,+,+/-,+,+,-,-,-,,2094,3369,1,2014-12-09 00:00:00,2016-01-18 09:02:53,101.0,2019-11-20 07:22:48
1896,+,-,+,-,+,-,-,-,-,+,-,-,-,-,-,-,-,-,-,-,+,6099,3190,1,2007-02-13 00:00:00,2016-01-18 09:02:53,100.0,2019-11-20 07:22:48
1895,+,-,-,-,+,-,-,-,-,+,-,-,-,-,-,-,-,-,-,-,+,6099,3190,1,2009-12-16 00:00:00,2016-01-18 09:02:53,99.0,2019-11-20 07:22:48
1893,+,-,-,-,+,-,-,-,-,+,-,-,-,-,-,-,-,-,-,-,+,6099,3190,1,2005-10-31 00:00:00,2016-01-18 09:02:53,97.0,2019-11-20 07:22:48
1892,+,-,+,-,+,+,-,+,-,+,-,-,-,-,-,-,-,-,-,-,+,6099,3190,1,2005-09-28 00:00:00,2016-01-18 09:02:53,96.0,2019-11-20 07:22:48
1891,+,-,+/-,-,+,-,-,-,-,+,-,-,-,-,-,-,-,-,-,-,+,6099,3190,1,2005-02-16 00:00:00,2016-01-18 09:02:53,95.0,2019-11-20 07:22:48
1890,-,-,+,-,-,+,-,+,-,+,-,-,-,-,-,-,-,-,-,-,+,6103,3189,1,1996-11-11 00:00:00,2016-01-18 09:02:53,94.0,2019-11-20 07:22:48
1889,-,+,+,-,-,+/-,-,-,-,+,-,-,+,-,-,+,-,-,-,-,+,2095,3106,1,1997-07-30 00:00:00,2016-01-18 09:02:53,93.0,2019-11-20 07:22:48
1888,-,+,+,-,-,+,-,-,-,+,-,-,+/-,-,-,+,+,-,-,-,+,2095,3106,1,1997-07-30 00:00:00,2016-01-18 09:02:53,92.0,2019-11-20 07:22:48
1887,-,+,-,-,-,-,-,-,-,+,-,-,-,-,-,-,-,-,-,-,+/-,2095,3106,1,2014-03-05 00:00:00,2016-01-18 09:02:53,91.0,2019-11-20 07:22:48
1886,-,+,-,-,-,-,-,-,-,+,-,-,-,-,-,+,+,-,-,-,+,2095,3106,1,2014-03-05 00:00:00,2016-01-18 09:02:53,90.0,2019-11-20 07:22:48
1885,-,+,-,-,-,-,-,-,-,+,-,-,-,-,-,-,-,-,-,-,+,2095,3106,1,2005-05-02 00:00:00,2016-01-18 09:02:53,89.0,2019-11-20 07:22:48
1884,-,+,+,-,-,-,-,-,-,+,-,-,-,-,-,-,-,-,-,-,+,2095,3106,1,2010-10-21 00:00:00,2016-01-18 09:02:53,88.0,2019-11-20 07:22:48
1883,-,+,+,-,-,-,-,-,-,+,-,-,+,-,-,+,+,-,-,-,+/-,2093,3105,1,2005-06-01 00:00:00,2016-01-18 09:02:53,87.0,2019-11-20 07:22:48
1882,-,+,-,-,-,-,-,-,-,-,-,-,+,-,-,-,-,-,-,-,+,2092,3103,1,2005-10-24 00:00:00,2016-01-18 09:02:53,86.0,2019-11-20 07:22:48
1881,-,+,+,-,-,+,-,-,-,+,-,-,+,-,-,+,+,-,-,-,,2092,3103,1,2010-01-20 00:00:00,2016-01-18 09:02:53,85.0,2019-11-20 07:22:48
1880,+,+,+,-,-,+,-,-,-,+,-,-,+,-,-,-,+/-,-,-,-,+,2092,3103,1,2010-04-30 00:00:00,2016-01-18 09:02:53,84.0,2019-11-20 07:22:48
1879,-,+,+,-,-,+,-,-,-,+,-,-,+,-,-,+/-,+,-,+/-,-,,2092,3103,1,2015-03-12 00:00:00,2016-01-18 09:02:53,83.0,2019-11-20 07:22:48
1878,-,+,-,-,-,-,-,-,-,+/-,-,-,-,-,-,+,+,-,-,-,+,2091,3095,1,2002-08-07 00:00:00,2016-01-18 09:02:53,82.0,2019-11-20 07:22:48
1877,-,+,-,-,-,-,-,-,-,+/-,-,-,-,-,-,-,-,-,-,-,+,2091,3095,1,2002-11-05 00:00:00,2016-01-18 09:02:53,81.0,2019-11-20 07:22:48
1876,-,+,+/-,-,-,-,-,-,-,-,-,-,-,-,-,+,+,-,-,-,+,2091,3095,1,2006-04-05 00:00:00,2016-01-18 09:02:53,80.0,2019-11-20 07:22:48
1875,-,+,+,-,-,+,-,-,-,+/-,-,+,-,-,-,+,+,-,+,-,+,2091,3095,1,2011-12-09 00:00:00,2016-01-18 09:02:53,79.0,2019-11-20 07:22:48
1874,-,-,+,+/-,-,-,-,+/-,+,+,+,-,+,-,-,-,-,-,-,-,-,2128,2649,1,2011-04-05 00:00:00,2016-01-18 09:02:53,78.0,2019-11-20 07:22:48
1873,-,+,-,-,-,+,-,+,-,-,-,-,+,+,-,-,-,-,-,-,+,2120,2002,1,1998-12-02 00:00:00,2016-01-18 09:02:53,77.0,2019-11-20 07:22:48
1872,-,+,-,-,+/-,+/-,-,+,-,+,-,-,+,+/-,-,-,-,-,-,+/-,,2120,2002,1,2003-06-02 00:00:00,2016-01-18 09:02:53,76.0,2019-11-20 07:22:48
1871,-,+,-,-,-,+,-,+,-,-,-,-,+,+,-,-,+/-,-,-,-,+,2120,2002,1,2005-06-22 00:00:00,2016-01-18 09:02:53,75.0,2019-11-20 07:22:48
1870,-,+,-,-,-,+,-,+/-,-,-,-,-,+,+/-,-,-,+/-,-,-,-,,2120,2002,1,2012-08-08 00:00:00,2016-01-18 09:02:53,74.0,2019-11-20 07:22:48
1869,-,+,-,-,-,+,-,+,-,-,-,-,-,-,-,-,-,-,-,-,+,2120,2002,1,2011-06-21 00:00:00,2016-01-18 09:02:53,73.0,2019-11-20 07:22:48
1868,-,+,-,-,-,+/-,-,-,-,-,-,-,-,-,-,-,-,-,-,-,+,2120,2002,1,2010-02-17 00:00:00,2016-01-18 09:02:53,72.0,2019-11-20 07:22:48
1867,-,+,-,-,-,+/-,-,-,-,-,-,-,+,+,-,-,-,-,-,-,+,2120,2002,1,2009-03-23 00:00:00,2016-01-18 09:02:53,71.0,2019-11-20 07:22:48
1866,-,+,+,-,-,-,-,-,+,+,-,,,,,,,,,,-,2126,2005,1,2009-04-23 00:00:00,2016-01-18 09:02:53,70.0,2019-11-20 07:22:48
1865,-,-,-,-,-,-,-,-,-,+,-,-,-,-,-,-,-,-,-,-,,2126,2005,1,1995-12-04 00:00:00,2016-01-18 09:02:53,69.0,2019-11-20 07:22:48
1864,-,+,-,-,-,-,-,-,-,+,-,-,-,-,-,-,-,-,-,-,,2126,2005,1,1996-02-19 00:00:00,2016-01-18 09:02:53,68.0,2019-11-20 07:22:48
1863,-,+,-,-,-,-,-,-,-,+,-,-,-,-,-,-,-,-,-,-,+,2126,2005,1,1999-08-26 00:00:00,2016-01-18 09:02:53,67.0,2019-11-20 07:22:48
1862,-,+,+,-,-,+,-,+,+,+,-,-,-,-,-,-,-,-,-,-,-,2126,2005,1,2006-03-15 00:00:00,2016-01-18 09:02:53,66.0,2019-11-20 07:22:48
1861,-,+,-,-,-,+,-,+,+,+,-,+,-,-,-,-,-,-,-,-,+,2126,2005,1,2006-03-30 00:00:00,2016-01-18 09:02:53,65.0,2019-11-20 07:22:48
1860,-,+,-,-,-,+/-,-,-,-,+,-,-,-,-,-,-,-,-,-,-,+,2126,2005,1,2010-02-17 00:00:00,2016-01-18 09:02:53,64.0,2019-11-20 07:22:48
1859,-,+,+,-,-,-,-,-,-,+,-,-,-,-,-,-,-,-,-,-,+,2126,2005,1,2009-10-29 00:00:00,2016-01-18 09:02:53,63.0,2019-11-20 07:22:48
1858,-,+,+/-,+/-,-,-,-,-,+,+,-,-,-,-,-,-,-,-,-,-,,2126,2005,1,2012-04-25 00:00:00,2016-01-18 09:02:53,62.0,2019-11-20 07:22:48
1857,-,+,+,-,-,-,-,-,+,+,-,-,-,-,-,-,-,-,-,-,,2126,2005,1,2014-11-13 00:00:00,2016-01-18 09:02:53,61.0,2019-11-20 07:22:48
1856,-,+,-,-,-,+,-,-,+,-,+,-,+,-,-,-,-,+,-,-,+,2129,2004,1,2012-12-06 00:00:00,2016-01-18 09:02:53,60.0,2019-11-20 07:22:48
1855,-,+,-,-,-,-,-,-,-,-,+,-,+/-,-,-,-,-,-,-,-,+,2125,2003,1,2005-11-07 00:00:00,2016-01-18 09:02:53,59.0,2019-11-20 07:22:48
1854,-,+,-,+,-,-,-,-,-,-,+,-,-,-,-,-,-,-,-,-,-,2125,2003,1,2010-01-26 00:00:00,2016-01-18 09:02:53,58.0,2019-11-20 07:22:48
1853,-,+,-,+/-,-,+,-,+,-,+,-,-,-,-,-,-,+,+/-,+,-,+,6098,2001,1,2005-03-14 00:00:00,2016-01-18 09:02:53,57.0,2019-11-20 07:22:48
1852,-,+,+,-,-,+,+,-,-,-,-,+,-,-,-,+/-,+/-,-,-,-,+,6098,2001,1,2010-03-02 00:00:00,2016-01-18 09:02:53,56.0,2019-11-20 07:22:48
1851,-,-,-,-,-,+,-,-,-,-,-,-,-,-,-,-,-,-,-,-,+,6098,2001,1,1996-04-01 00:00:00,2016-01-18 09:02:53,55.0,2019-11-20 07:22:48
1850,-,+,-,-,-,-,-,+/-,-,+,-,-,-,-,-,-,-,-,-,-,+,6098,2001,1,1998-08-10 00:00:00,2016-01-18 09:02:53,54.0,2019-11-20 07:22:48
1849,-,+,-,-,-,-,-,-,-,-,-,-,-,-,-,-,-,-,-,-,+,6098,2001,1,2006-01-11 00:00:00,2016-01-18 09:02:53,53.0,2019-11-20 07:22:48
1848,+,-,+,-,+,+,-,+,+,-,-,+,+,-,-,+/-,-,+,+,-,+,367,1875,1,2005-11-16 00:00:00,2016-01-18 09:02:53,52.0,2019-11-20 07:22:48
1847,+,-,+,+,+,+,-,+,+,+,-,-,-,-,-,-,-,-,-,-,,367,1875,1,2010-11-02 00:00:00,2016-01-18 09:02:53,51.0,2019-11-20 07:22:48
1846,-,+,+,-,-,+,-,+/-,-,+,-,-,+,-,+,-,+,-,-,-,+,2103,1684,1,1995-05-29 00:00:00,2016-01-18 09:02:53,50.0,2019-11-20 07:22:48
1845,-,+,+,-,-,+,-,+,-,+,-,-,+,-,+,-,+,-,-,-,+,2103,1684,1,1997-08-06 00:00:00,2016-01-18 09:02:53,49.0,2019-11-20 07:22:48
1844,-,+,+,-,-,+,-,+,-,-,-,-,+,-,+,-,+,-,-,-,+,2103,1684,1,1999-05-19 00:00:00,2016-01-18 09:02:53,48.0,2019-11-20 07:22:48
1843,-,+,-,-,-,+,-,-,-,-,-,-,+,-,+,-,+,-,-,-,+,2103,1684,1,2004-02-10 00:00:00,2016-01-18 09:02:53,47.0,2019-11-20 07:22:48
1842,-,+,+,+/-,-,+,-,+,-,+,-,-,+,-,+/-,-,+/-,-,-,-,,2103,1684,1,2001-12-07 00:00:00,2016-01-18 09:02:53,46.0,2019-11-20 07:22:48
1841,-,+,+,-,+/-,+,-,+,-,+,-,-,+,-,+,-,+,-,-,-,+,2103,1684,1,2004-10-20 00:00:00,2016-01-18 09:02:53,45.0,2019-11-20 07:22:48
1840,-,+,-,-,-,+,-,+,-,-,-,-,+,-,+,-,+,-,-,-,+,2103,1684,1,2004-11-17 00:00:00,2016-01-18 09:02:53,44.0,2019-11-20 07:22:48
1839,-,+,+/-,-,-,+,-,+/-,-,+,-,-,+,-,+,-,+,-,+,-,+,2103,1684,1,2005-04-18 00:00:00,2016-01-18 09:02:53,43.0,2019-11-20 07:22:48
1838,-,+,+,-,-,+,-,+/-,-,+,-,-,+,-,+,-,+,-,+,-,+,2103,1684,1,2005-04-18 00:00:00,2016-01-18 09:02:53,42.0,2019-11-20 07:22:48
1837,-,+,+,-,-,+/-,-,-,-,-,-,-,+,-,+/-,-,+,-,+/-,-,+,2103,1684,1,2005-07-18 00:00:00,2016-01-18 09:02:53,41.0,2019-11-20 07:22:48
1836,-,+,+,-,-,+,-,+,-,+,-,-,+,-,+,-,+,-,+,-,+,2103,1684,1,2006-03-20 00:00:00,2016-01-18 09:02:53,40.0,2019-11-20 07:22:48
1835,-,+,+,-,-,+,-,+,-,+,-,-,+/-,-,+,-,+/-,-,-,-,+,2103,1684,1,2007-06-06 00:00:00,2016-01-18 09:02:53,39.0,2019-11-20 07:22:48
1834,-,+,+,-,-,-,-,+/-,-,+/-,-,-,-,-,-,-,-,-,-,-,+,2103,1684,1,2010-02-24 00:00:00,2016-01-18 09:02:53,38.0,2019-11-20 07:22:48
1833,-,+,+,-,-,+,-,+/-,-,+/-,-,-,-,-,+/-,-,-,-,-,-,-,2103,1684,1,2013-11-28 00:00:00,2016-01-18 09:02:53,37.0,2019-11-20 07:22:48
1832,-,+,+,-,-,+,-,+,-,+,-,-,+,-,-,-,+,-,-,-,+,2103,1684,1,2011-02-17 00:00:00,2016-01-18 09:02:53,36.0,2019-11-20 07:22:48
1831,-,+,+,-,-,+,-,-,-,+,-,-,-,-,-,-,-,-,-,-,+,2103,1684,1,2008-07-08 00:00:00,2016-01-18 09:02:53,35.0,2019-11-20 07:22:48
1830,-,+,+,-,-,+,-,+,-,+,-,-,+,-,+,-,+,-,+,-,+,2103,1684,1,2013-02-15 00:00:00,2016-01-18 09:02:53,34.0,2019-11-20 07:22:48
1829,-,+,+/-,+,-,-,-,-,-,+,-,-,+,-,+,-,-,+,-,-,+,2121,1683,1,1998-02-11 00:00:00,2016-01-18 09:02:53,33.0,2019-11-20 07:22:48
1828,-,-,-,-,-,-,-,-,-,+,-,-,-,-,-,-,-,-,-,-,+,2121,1683,1,1998-01-28 00:00:00,2016-01-18 09:02:53,32.0,2019-11-20 07:22:48
1827,-,-,-,-,-,-,-,-,-,+,-,-,+/-,-,-,-,-,-,-,-,+,2121,1683,1,1998-01-27 00:00:00,2016-01-18 09:02:53,31.0,2019-11-20 07:22:48
1826,-,+,+,-,-,+,-,-,-,+,-,-,-,-,-,-,-,-,-,-,+,2121,1683,1,1998-01-19 00:00:00,2016-01-18 09:02:53,30.0,2019-11-20 07:22:48
1825,-,+,-,+,-,-,-,-,-,+,-,-,+,-,-,-,-,+,-,-,+,2121,1683,1,1995-05-17 00:00:00,2016-01-18 09:02:53,29.0,2019-11-20 07:22:48
1824,-,+,+,+,+/-,+,-,+,-,+/-,-,-,-,-,-,-,-,+,-,-,,2121,1683,1,1995-04-24 00:00:00,2016-01-18 09:02:53,28.0,2019-11-20 07:22:48
1823,-,+,-,+,-,+,-,-,-,+,-,-,+,-,+,-,-,+,-,-,+,2121,1683,1,1998-12-14 00:00:00,2016-01-18 09:02:53,27.0,2019-11-20 07:22:48
1822,-,+,-,-,-,+/-,-,-,-,+,-,-,+,-,+,-,-,+,-,-,+,2121,1683,1,2000-05-29 00:00:00,2016-01-18 09:02:53,26.0,2019-11-20 07:22:48
1821,-,+,+/-,+,-,+,-,-,-,+,-,-,+,+,+,-,-,+,-,-,+,2121,1683,1,2001-05-02 00:00:00,2016-01-18 09:02:53,25.0,2019-11-20 07:22:48
1820,-,+,+/-,+,-,+,-,-,-,+,-,-,+,-,-,-,-,+,-,-,+,2121,1683,1,2004-02-20 00:00:00,2016-01-18 09:02:53,24.0,2019-11-20 07:22:48
1819,-,+,+/-,-,-,+/-,-,-,-,-,-,-,+,-,+,-,-,+,-,-,+,2121,1683,1,2003-11-19 00:00:00,2016-01-18 09:02:53,23.0,2019-11-20 07:22:48
1818,-,+,+,+,-,+,-,-,-,+,-,-,+,-,+/-,-,-,+/-,-,-,+,2121,1683,1,2004-06-16 00:00:00,2016-01-18 09:02:53,22.0,2019-11-20 07:22:48
1817,-,+,+/-,-,-,+,-,-,-,+,-,-,+,-,+,-,-,+,-,-,+,2121,1683,1,2004-11-24 00:00:00,2016-01-18 09:02:53,21.0,2019-11-20 07:22:48
1816,-,+,-,+,-,+,-,-,-,+,-,-,+,+/-,+,-,-,+,-,-,+,2121,1683,1,2005-03-22 00:00:00,2016-01-18 09:02:53,20.0,2019-11-20 07:22:48
1815,-,+,-,+,-,+,-,-,-,-,-,-,+,+/-,+,-,+/-,+,-,-,+,2121,1683,1,2005-03-09 00:00:00,2016-01-18 09:02:53,19.0,2019-11-20 07:22:48
1814,-,+,-,+,-,+,-,+/-,-,+,-,-,+,-,+,-,-,+,-,-,+,2121,1683,1,2005-04-25 00:00:00,2016-01-18 09:02:53,18.0,2019-11-20 07:22:48
1813,-,+,-,+,-,+,-,-,-,+,-,-,+,-,-,-,-,+,-,-,+,2121,1683,1,2005-11-22 00:00:00,2016-01-18 09:02:53,17.0,2019-11-20 07:22:48
1812,-,+,+,+,-,+,-,-,-,+,-,-,+,-,+,-,-,+,-,-,+,2121,1683,1,2006-07-26 00:00:00,2016-01-18 09:02:53,16.0,2019-11-20 07:22:48
1811,-,+,-,+,-,+,-,-,-,+,-,-,+,-,-,-,-,+,-,-,+,2121,1683,1,2007-03-27 00:00:00,2016-01-18 09:02:53,15.0,2019-11-20 07:22:48
1810,-,+,-,+,-,+,-,-,-,+,-,-,+,-,+,-,-,+,-,-,+,2121,1683,1,2007-10-10 00:00:00,2016-01-18 09:02:53,14.0,2019-11-20 07:22:48
1809,-,+,-,+,-,+,-,-,-,+,-,-,-,-,-,-,-,-,-,-,+,2121,1683,1,2010-02-24 00:00:00,2016-01-18 09:02:53,13.0,2019-11-20 07:22:48
1808,-,+,+,+,-,+,-,-,-,+,-,-,+/-,-,-,-,-,-,-,-,+,2121,1683,1,2012-01-19 00:00:00,2016-01-18 09:02:53,12.0,2019-11-20 07:22:48
1807,-,+,+,+,-,+,-,-,-,+,-,-,+,-,+,-,-,+,-,-,+,2121,1683,1,2009-10-21 00:00:00,2016-01-18 09:02:53,11.0,2019-11-20 07:22:48
1806,-,+,-,+,-,+,-,-,-,+,-,-,-,-,-,-,-,-,-,-,+,2121,1683,1,2008-07-08 00:00:00,2016-01-18 09:02:53,10.0,2019-11-20 07:22:48
1805,-,+,-,+,-,+,-,-,-,+,-,-,+,-,-,-,-,+/-,-,-,+,2121,1683,1,2011-02-16 00:00:00,2016-01-18 09:02:53,9.0,2019-11-20 07:22:48
1804,-,+,-,+,-,+,-,-,-,+,-,-,+,-,+,-,-,+/-,-,-,+,2121,1683,1,2009-03-23 00:00:00,2016-01-18 09:02:53,8.0,2019-11-20 07:22:48
1803,-,+,+,+,-,+,-,-,-,+,-,-,+,-,+,-,-,+,-,-,+,2121,1683,1,2014-11-27 00:00:00,2016-01-18 09:02:53,7.0,2019-11-20 07:22:48
1802,-,+,-,+,-,+,-,-,-,+,-,-,+/-,-,+/-,-,-,+,-,-,+,2121,1683,1,2013-03-06 00:00:00,2016-01-18 09:02:53,6.0,2019-11-20 07:22:48
1801,-,+,-,+,-,+,-,-,-,+,-,-,+,-,+,-,-,+,-,-,+,2121,1683,1,2014-01-30 00:00:00,2016-01-18 09:02:53,5.0,2019-11-20 07:22:48
1800,-,+,+,-,-,+,-,-,+,-,+,-,-,-,-,-,-,-,-,-,-,2127,1331,1,2011-05-11 00:00:00,2016-01-18 09:02:53,4.0,2019-11-20 07:22:48
1799,-,-,+,-,-,-,-,+/-,+,-,-,-,-,-,-,-,-,-,-,-,+,2127,1331,1,2008-01-28 00:00:00,2016-01-18 09:02:53,3.0,2019-11-20 07:22:48
1798,-,-,-,-,-,-,-,+,+,+,-,-,-,-,-,-,-,-,-,-,+,2127,1331,1,2014-11-11 00:00:00,2016-01-18 09:02:53,2.0,2019-11-20 07:22:48
1797,-,+,+,+,-,+,-,-,-,+,-,+,+,-,+,-,-,+,-,-,-,131231,22870,1,2016-01-12 00:00:00,2016-01-12 00:00:00,1.0,2019-11-20 07:22:48
1548,-,+,-,+,+,+,-,-,-,+,-,-,+,-,+,-,-,-,-,-,+,142067,45296,1,2019-11-19 10:00:06,2019-11-19 10:00:06,,2019-11-19 10:00:06
1549,-,+,+,+,+,+,+,+,-,+,+,-,+,-,+,-,-,-,-,-,+,142072,45301,1,2019-11-19 10:00:06,2019-11-19 10:00:06,,2019-11-19 10:00:06
1550,-,-,-,-,-,-,-,+,+,-,-,-,+,-,-,+,-,+,-,-,+,142073,45302,1,2019-11-19 10:00:06,2019-11-19 10:00:06,,2019-11-19 10:00:06
1551,-,+,+,-,-,-,-,-,-,+,-,-,+,-,-,+,+,-,-,-,+,2093,45303,1,2019-11-19 10:00:06,2019-11-19 10:00:06,,2019-11-19 10:00:06
1552,-,+,+,-,-,+,-,-,-,+,-,-,+,-,-,+,-,-,-,-,+,2095,45304,1,2019-11-19 10:00:06,2019-11-19 10:00:06,,2019-11-19 10:00:06
1553,-,+,+,-,-,-,-,-,-,+,+,-,+,-,-,+,-,+,-,-,+,142074,45305,1,2019-11-19 10:00:06,2019-11-19 10:00:06,,2019-11-19 10:00:06
1554,-,+,-,-,-,-,-,-,-,-,+,-,-,-,-,-,-,-,-,-,+,142075,45306,1,2019-11-19 10:00:06,2019-11-19 10:00:06,,2019-11-19 10:00:06
1555,-,+,+,+,-,-,-,-,-,+,-,-,+,-,+,-,-,-,-,-,+,142104,45342,1,2019-11-19 10:00:06,2019-11-19 10:00:06,,2019-11-19 10:00:06
1556,-,+,+,+,-,-,-,-,-,-,-,+,+,-,+,+,-,+,+,-,-,142105,45343,1,2019-11-19 10:00:06,2019-11-19 10:00:06,,2019-11-19 10:00:06
1557,-,+,-,-,-,+,-,+,-,+,-,-,+,-,-,+,+,-,-,+,+,142108,45346,1,2019-11-19 10:00:06,2019-11-19 10:00:06,,2019-11-19 10:00:06
1558,-,+,+,-,-,-,-,-,-,-,-,-,+,+,-,+,-,+,-,-,+,139590,45413,1,2019-11-19 10:00:06,2019-11-19 10:00:06,,2019-11-19 10:00:06
1559,-,+,+,-,-,+,-,-,+,-,+,-,+,-,-,+,-,+,-,-,-,2125,45416,1,2019-11-19 10:00:06,2019-11-19 10:00:06,,2019-11-19 10:00:06
1560,-,-,+,-,-,+,-,-,+,+,+,-,-,-,-,-,-,-,-,-,-,142317,45583,1,2019-11-19 10:00:06,2019-11-19 10:00:06,,2019-11-19 10:00:06
1561,-,-,+,-,-,-,-,+,+,+,-,-,-,-,-,-,-,-,-,-,-,142317,45583,1,2019-11-19 10:00:06,2019-11-19 10:00:06,,2019-11-19 10:00:06
1562,-,-,+,-,-,+,-,-,+,-,-,-,-,-,-,-,-,-,-,-,-,142318,45584,1,2019-11-19 10:00:06,2019-11-19 10:00:06,,2019-11-19 10:00:06
1563,-,+,+,-,-,+,-,-,+,-,+,-,-,-,-,-,-,-,-,-,-,142321,45587,1,2019-11-19 10:00:06,2019-11-19 10:00:06,,2019-11-19 10:00:06
1564,-,+,-,-,-,+,-,-,+,-,+,-,+,-,-,+,-,+,-,-,+,142353,45628,1,2019-11-19 10:00:06,2019-11-19 10:00:06,,2019-11-19 10:00:06
1565,-,+,+,-,-,+,-,-,+,-,+,-,+,-,-,-,-,+,-,-,+,138216,45629,1,2019-11-19 10:00:06,2019-11-19 10:00:06,,2019-11-19 10:00:06
1566,-,-,+,-,-,+,-,-,+,-,+,-,-,-,-,-,-,+,-,-,+,2129,45631,1,2019-11-19 10:00:06,2019-11-19 10:00:06,,2019-11-19 10:00:06
1567,-,+,+,-,-,-,-,-,-,+,,,,,,,,,,,+,142355,45632,1,2019-11-19 10:00:06,2019-11-19 10:00:06,,2019-11-19 10:00:06
1568,-,+,-,-,-,-,-,-,-,+,-,-,+,-,-,+,-,+,-,-,+,142357,45634,1,2019-11-19 10:00:06,2019-11-19 10:00:06,,2019-11-19 10:00:06
1569,-,-,+,-,+,+,-,+,+,+,-,-,+,-,-,+,+,+,-,-,+,355,65625,1,2019-11-19 10:00:06,2019-11-19 10:00:06,,2019-11-19 10:00:06
1570,-,-,-,-,-,-,-,-,+,-,+,-,+,-,-,+,-,+,-,-,-,142762,46116,1,2019-11-19 10:00:06,2019-11-19 10:00:06,,2019-11-19 10:00:06
1571,-,-,+,-,-,-,-,-,-,+,-,-,-,-,-,-,-,-,-,-,+,142772,46135,1,2019-11-19 10:00:06,2019-11-19 10:00:06,,2019-11-19 10:00:06
1572,-,-,-,-,+,+,-,+,-,-,+,-,+,-,-,+,-,-,-,-,+,142814,46186,1,2019-11-19 10:00:06,2019-11-19 10:00:06,,2019-11-19 10:00:06
1573,-,-,+,-,-,-,-,-,-,-,-,-,-,-,-,-,-,-,-,-,-,138205,46255,1,2019-11-19 10:00:06,2019-11-19 10:00:06,,2019-11-19 10:00:06
1574,+,-,-,-,-,-,-,-,-,-,-,-,+,-,-,-,-,+,-,-,+,2092,46369,1,2019-11-19 10:00:06,2019-11-19 10:00:06,,2019-11-19 10:00:06
1575,-,+,-,-,-,+,-,+,+,-,+,-,+,+,-,+,-,+,-,-,+,143194,46667,1,2019-11-19 10:00:06,2019-11-19 10:00:06,,2019-11-19 10:00:06
1576,-,-,-,-,-,-,-,-,-,+,-,-,-,-,-,-,-,-,-,-,-,143202,46675,1,2019-11-19 10:00:06,2019-11-19 10:00:06,,2019-11-19 10:00:06
1577,-,+,-,-,-,+,-,+,+,-,+,-,+,+,-,+,-,+,-,-,+,137690,46685,1,2019-11-19 10:00:06,2019-11-19 10:00:06,,2019-11-19 10:00:06
1578,-,-,+,-,-,-,-,-,-,+,-,-,-,-,-,+,-,-,-,-,+,143214,46692,1,2019-11-19 10:00:06,2019-11-19 10:00:06,,2019-11-19 10:00:06
1579,-,-,+,-,-,-,-,-,-,+,-,-,-,-,-,-,+,-,-,-,,143214,46692,1,2019-11-19 10:00:06,2019-11-19 10:00:06,,2019-11-19 10:00:06
1580,-,+,-,-,-,-,-,-,-,-,-,-,+,-,+,+,-,-,-,-,-,143217,46695,1,2019-11-19 10:00:06,2019-11-19 10:00:06,,2019-11-19 10:00:06
1581,+,-,+,-,+,+,-,-,-,+,-,-,-,-,-,-,-,-,-,-,+,6101,46706,1,2019-11-19 10:00:06,2019-11-19 10:00:06,,2019-11-19 10:00:06
1582,-,-,-,+,+,-,-,-,-,+,-,-,-,-,-,-,-,-,-,-,+,143287,46789,1,2019-11-19 10:00:06,2019-11-19 10:00:06,,2019-11-19 10:00:06
1583,-,-,-,+,+,-,-,-,-,+,-,-,-,-,-,-,-,-,-,-,+,143288,46790,1,2019-11-19 10:00:06,2019-11-19 10:00:06,,2019-11-19 10:00:06
1584,+,-,+,-,-,-,-,-,+,-,-,+,-,-,-,-,+,-,-,-,-,143289,46791,1,2019-11-19 10:00:06,2019-11-19 10:00:06,,2019-11-19 10:00:06
1585,+,+,-,-,-,+,-,-,+,-,+,-,-,-,-,-,-,-,-,-,+,143297,46799,1,2019-11-19 10:00:06,2019-11-19 10:00:06,,2019-11-19 10:00:06
1586,+,+,+,+,-,-,-,-,-,-,-,+,-,-,-,+,-,-,-,-,-,143298,46800,1,2019-11-19 10:00:06,2019-11-19 10:00:06,,2019-11-19 10:00:06
1587,+,-,+,-,+,+,-,-,-,+,-,-,-,-,-,-,-,-,-,-,+,143328,46834,1,2019-11-19 10:00:06,2019-11-19 10:00:06,,2019-11-19 10:00:06
1588,-,-,-,-,-,-,-,-,+,-,+,-,+,-,-,+,-,-,-,-,-,143350,46859,1,2019-11-19 10:00:06,2019-11-19 10:00:06,,2019-11-19 10:00:06
1589,-,-,-,-,-,-,-,-,-,-,-,-,-,-,-,+,-,-,-,-,-,6098,46903,1,2019-11-19 10:00:06,2019-11-19 10:00:06,,2019-11-19 10:00:06
1590,-,+,+,-,-,+,+,+,-,+,-,-,-,-,-,-,+,-,-,-,+,6098,46903,1,2019-11-19 10:00:06,2019-11-19 10:00:06,,2019-11-19 10:00:06
1591,-,+,+,-,-,+,-,-,-,+,-,-,-,-,-,-,-,-,-,-,-,6098,46903,1,2019-11-19 10:00:06,2019-11-19 10:00:06,,2019-11-19 10:00:06
1592,-,+,+,-,-,-,-,+,-,+,-,+,-,-,-,-,-,-,-,-,+,143385,46904,1,2019-11-19 10:00:06,2019-11-19 10:00:06,,2019-11-19 10:00:06
1593,-,-,+,-,-,+,-,+,+,-,-,-,-,-,-,-,-,-,-,-,-,143446,46977,1,2019-11-19 10:00:06,2019-11-19 10:00:06,,2019-11-19 10:00:06
1594,-,+,-,-,-,-,-,-,-,+,-,-,-,-,-,+,-,-,-,-,-,143450,46984,1,2019-11-19 10:00:06,2019-11-19 10:00:06,,2019-11-19 10:00:06
1595,-,-,-,-,-,-,-,-,-,-,-,-,+,-,-,+,-,+,-,-,-,143462,46996,1,2019-11-19 10:00:06,2019-11-19 10:00:06,,2019-11-19 10:00:06
1596,-,-,-,-,-,-,-,-,-,-,-,-,-,-,-,+,-,+,-,-,+,138206,47010,1,2019-11-19 10:00:06,2019-11-19 10:00:06,,2019-11-19 10:00:06
1597,-,-,-,-,-,-,-,-,-,-,-,-,-,-,-,-,-,-,-,-,-,143475,47011,1,2019-11-19 10:00:06,2019-11-19 10:00:06,,2019-11-19 10:00:06
1598,-,-,+,-,-,-,-,-,+,+,-,-,+,-,-,-,-,-,-,-,,143500,47036,1,2019-11-19 10:00:06,2019-11-19 10:00:06,,2019-11-19 10:00:06
1599,-,-,+,-,+,-,-,-,-,+,-,-,-,-,-,-,-,-,-,-,-,143501,47037,1,2019-11-19 10:00:06,2019-11-19 10:00:06,,2019-11-19 10:00:06
1600,-,-,+,-,-,-,-,-,+,-,+,-,+,-,-,+,-,-,-,-,-,143544,47086,1,2019-11-19 10:00:06,2019-11-19 10:00:06,,2019-11-19 10:00:06
1601,-,-,-,-,-,-,-,-,+,-,-,-,+,-,-,-,-,+,-,-,-,143545,47087,1,2019-11-19 10:00:06,2019-11-19 10:00:06,,2019-11-19 10:00:06
1602,-,-,+,-,-,+,-,-,+,-,-,-,-,-,-,-,-,-,-,-,-,2127,47138,1,2019-11-19 10:00:06,2019-11-19 10:00:06,,2019-11-19 10:00:06
1603,-,+,-,-,-,-,-,-,-,+,-,-,-,-,-,-,-,-,-,-,+,143642,47192,1,2019-11-19 10:00:06,2019-11-19 10:00:06,,2019-11-19 10:00:06
1604,-,-,-,-,-,-,-,-,-,-,-,-,-,-,-,-,-,-,-,-,-,143642,47192,1,2019-11-19 10:00:06,2019-11-19 10:00:06,,2019-11-19 10:00:06
1605,-,-,+,-,-,-,-,-,-,-,-,-,+,-,-,+,-,+,-,-,+,136482,47193,1,2019-11-19 10:00:06,2019-11-19 10:00:06,,2019-11-19 10:00:06
1606,-,+,-,-,-,+,-,-,+,-,+,-,+,+,-,+,-,+,-,-,+,134440,47194,1,2019-11-19 10:00:06,2019-11-19 10:00:06,,2019-11-19 10:00:06
1607,-,+,-,-,-,+,-,+,+,-,+,+,+,+,-,+,-,+,-,-,+,134440,47194,1,2019-11-19 10:00:06,2019-11-19 10:00:06,,2019-11-19 10:00:06
1608,-,-,-,-,-,-,-,-,-,-,+,-,+,+,-,+,-,+,-,-,+,143643,47195,1,2019-11-19 10:00:06,2019-11-19 10:00:06,,2019-11-19 10:00:06
1609,-,+,+,-,-,-,-,-,-,-,+,-,-,-,-,+,-,-,-,-,-,143644,47196,1,2019-11-19 10:00:06,2019-11-19 10:00:06,,2019-11-19 10:00:06
1610,-,-,-,-,-,-,-,-,-,-,+,-,-,-,-,-,-,-,-,-,+,143644,47196,1,2019-11-19 10:00:06,2019-11-19 10:00:06,,2019-11-19 10:00:06
1611,-,+,+,-,-,-,-,-,+,-,+,-,+,-,-,+,-,+,-,-,+,143645,47197,1,2019-11-19 10:00:06,2019-11-19 10:00:06,,2019-11-19 10:00:06
1612,-,+,-,-,-,-,-,-,-,-,+,+,+,-,-,+,-,+,-,-,+,143645,47197,1,2019-11-19 10:00:06,2019-11-19 10:00:06,,2019-11-19 10:00:06
1613,+,-,-,-,-,-,-,-,-,-,-,-,+,-,-,-,-,-,-,-,+,143647,47199,1,2019-11-19 10:00:06,2019-11-19 10:00:06,,2019-11-19 10:00:06
1614,-,-,-,-,-,-,-,-,-,+,-,-,-,-,-,-,-,-,-,-,,143649,47201,1,2019-11-19 10:00:06,2019-11-19 10:00:06,,2019-11-19 10:00:06
1615,-,+,+,-,-,-,-,-,-,+,+,-,+,+,-,+,-,+,-,-,+,143651,47203,1,2019-11-19 10:00:06,2019-11-19 10:00:06,,2019-11-19 10:00:06
1616,-,-,-,-,-,-,-,-,+,+,+,-,+,-,-,+,-,+,-,-,+,143850,47428,1,2019-11-19 10:00:06,2019-11-19 10:00:06,,2019-11-19 10:00:06
1617,+,+,+,-,-,+,-,+,-,+,-,+,-,-,-,-,-,-,-,-,+,144024,47627,1,2019-11-19 10:00:06,2019-11-19 10:00:06,,2019-11-19 10:00:06
1618,+,-,+,-,-,-,-,-,-,-,,,,,,,,,,,+,144025,47628,1,2019-11-19 10:00:06,2019-11-19 10:00:06,,2019-11-19 10:00:06
1619,-,+,-,-,-,+,-,+,-,-,-,-,-,-,-,-,-,-,-,-,+,144025,47628,1,2019-11-19 10:00:06,2019-11-19 10:00:06,,2019-11-19 10:00:06
1620,+,+,+,-,-,-,-,-,-,-,,,,,,,,,,,+,144026,47629,1,2019-11-19 10:00:06,2019-11-19 10:00:06,,2019-11-19 10:00:06
1621,+,+,-,-,-,-,-,-,-,-,-,-,-,-,-,-,-,-,-,-,+,144026,47629,1,2019-11-19 10:00:06,2019-11-19 10:00:06,,2019-11-19 10:00:06
1622,-,+,+,-,-,+,-,-,-,-,+,-,+,+,-,+,-,+,-,-,+,144032,47638,1,2019-11-19 10:00:06,2019-11-19 10:00:06,,2019-11-19 10:00:06
1623,-,+,-,-,-,-,-,-,-,-,+,-,+,+,-,+,-,+,-,-,+,144033,47639,1,2019-11-19 10:00:06,2019-11-19 10:00:06,,2019-11-19 10:00:06
1624,-,-,-,-,-,+,-,-,-,-,+,-,+,+,-,+,-,-,-,-,+,144034,47640,1,2019-11-19 10:00:06,2019-11-19 10:00:06,,2019-11-19 10:00:06
1625,-,-,-,-,-,-,-,-,-,-,+,-,+,+,-,+,-,+,-,-,+,144035,47641,1,2019-11-19 10:00:06,2019-11-19 10:00:06,,2019-11-19 10:00:06
1626,-,-,-,+,-,-,-,-,-,-,+,-,+,+,-,+,-,-,-,-,+,144036,47642,1,2019-11-19 10:00:06,2019-11-19 10:00:06,,2019-11-19 10:00:06
1627,-,+,+,-,-,-,-,-,-,-,+,-,+,-,-,-,-,-,-,-,+,144038,47644,1,2019-11-19 10:00:06,2019-11-19 10:00:06,,2019-11-19 10:00:06
1628,-,+,-,+,-,-,-,-,-,-,+,-,-,-,-,+,-,-,-,-,+,144039,47645,1,2019-11-19 10:00:06,2019-11-19 10:00:06,,2019-11-19 10:00:06
1629,-,-,-,+,-,-,-,-,-,+,-,-,+,+,-,-,-,-,-,-,+,144040,47646,1,2019-11-19 10:00:06,2019-11-19 10:00:06,,2019-11-19 10:00:06
1630,-,-,-,+,-,-,-,-,-,+,+,-,+,+,-,+,-,-,-,-,+,144041,47647,1,2019-11-19 10:00:06,2019-11-19 10:00:06,,2019-11-19 10:00:06
1631,-,+,+,-,-,+,-,+,+,+,+,-,+,-,-,+,-,+,-,-,+,144047,47654,1,2019-11-19 10:00:06,2019-11-19 10:00:06,,2019-11-19 10:00:06
1632,-,+,-,-,-,+,-,+,+,+,+,-,+,-,-,+,-,+,-,-,-,144048,47655,1,2019-11-19 10:00:06,2019-11-19 10:00:06,,2019-11-19 10:00:06
1633,-,+,+,-,-,+,-,+,+,+,+,-,+,-,-,+,-,+,-,-,+,144049,47656,1,2019-11-19 10:00:06,2019-11-19 10:00:06,,2019-11-19 10:00:06
1634,-,+,-,-,-,+,-,+,+,-,+,-,+,-,-,+,-,+,-,-,+,144050,47657,1,2019-11-19 10:00:06,2019-11-19 10:00:06,,2019-11-19 10:00:06
1635,-,+,-,-,-,-,-,-,+,-,+,-,+,-,-,+,-,+,-,-,+,144051,47658,1,2019-11-19 10:00:06,2019-11-19 10:00:06,,2019-11-19 10:00:06
1636,+,+,+,-,-,+,-,-,+,-,+,+,+,+,-,-,-,+,+,-,+,144052,47659,1,2019-11-19 10:00:06,2019-11-19 10:00:06,,2019-11-19 10:00:06
1637,-,+,+,-,-,+,-,+,+,-,+,-,+,+,-,+,-,+,-,-,+,144053,47660,1,2019-11-19 10:00:06,2019-11-19 10:00:06,,2019-11-19 10:00:06
1638,-,+,-,-,-,+,-,-,+,-,+,-,+,+,-,+,-,+,-,-,+,144054,47661,1,2019-11-19 10:00:06,2019-11-19 10:00:06,,2019-11-19 10:00:06
1639,-,+,+,-,-,+,-,-,+,-,+,-,+,-,-,+,-,+,-,-,+,144055,47662,1,2019-11-19 10:00:06,2019-11-19 10:00:06,,2019-11-19 10:00:06
1640,-,+,+,-,-,+,-,+,+,+,+,-,+,+,-,+,-,+,-,-,+,134442,47663,1,2019-11-19 10:00:06,2019-11-19 10:00:06,,2019-11-19 10:00:06
1641,-,+,-,-,-,+,-,-,+,-,+,-,+,-,-,+,-,-,-,-,+,144056,47664,1,2019-11-19 10:00:06,2019-11-19 10:00:06,,2019-11-19 10:00:06
1642,-,+,-,-,-,-,-,-,+,+,-,-,-,-,-,-,-,-,-,-,-,144100,47709,1,2019-11-19 10:00:06,2019-11-19 10:00:06,,2019-11-19 10:00:06
1643,-,+,+,-,-,+,-,-,-,+,,,,,,,,,,,,144152,47763,1,2019-11-19 10:00:06,2019-11-19 10:00:06,,2019-11-19 10:00:06
1644,-,+,-,-,-,+,-,-,-,+,+,-,+,+,-,+,+,+,+,-,+,144152,47763,1,2019-11-19 10:00:06,2019-11-19 10:00:06,,2019-11-19 10:00:06
1645,-,-,-,-,-,-,-,-,+,+,+,-,+,+,-,-,-,+,-,-,-,144153,47764,1,2019-11-19 10:00:06,2019-11-19 10:00:06,,2019-11-19 10:00:06
1646,-,-,-,-,-,-,-,-,+,+,+,-,+,+,-,-,-,+,-,-,-,144154,47765,1,2019-11-19 10:00:06,2019-11-19 10:00:06,,2019-11-19 10:00:06
1647,-,-,-,-,-,-,-,-,+,+,+,-,+,-,-,+,-,+,-,-,-,144155,47766,1,2019-11-19 10:00:06,2019-11-19 10:00:06,,2019-11-19 10:00:06
1648,-,+,+,+,-,+,-,-,-,+,-,-,+,+,+,-,-,+,-,-,+,144205,47825,1,2019-11-19 10:00:06,2019-11-19 10:00:06,,2019-11-19 10:00:06
1649,+,+,+,+,+,+,-,+,-,+,-,-,-,-,-,-,-,-,-,-,+,138207,65631,1,2019-11-19 10:00:06,2019-11-19 10:00:06,,2019-11-19 10:00:06
1650,-,+,+,-,-,+,-,+,-,+,-,-,-,-,-,-,-,-,-,-,+,2131,65632,1,2019-11-19 10:00:06,2019-11-19 10:00:06,,2019-11-19 10:00:06
1651,-,-,+,-,-,+,-,-,+,+,+,-,+,-,-,+,-,+,-,-,-,144292,47946,1,2019-11-19 10:00:06,2019-11-19 10:00:06,,2019-11-19 10:00:06
1652,-,-,+,-,-,+,-,-,-,+,+,-,+,-,-,-,-,+,-,-,-,144293,47947,1,2019-11-19 10:00:06,2019-11-19 10:00:06,,2019-11-19 10:00:06
1653,-,+,+,-,-,-,-,-,-,-,-,-,-,-,-,-,-,-,-,-,-,144294,47948,1,2019-11-19 10:00:06,2019-11-19 10:00:06,,2019-11-19 10:00:06
1654,-,+,-,-,-,-,-,-,-,-,-,-,-,-,-,-,-,-,-,-,+,144301,47955,1,2019-11-19 10:00:06,2019-11-19 10:00:06,,2019-11-19 10:00:06
1655,-,+,+,-,-,-,-,-,+,-,+,+,+,+,-,+,+,-,+,-,-,144303,47957,1,2019-11-19 10:00:06,2019-11-19 10:00:06,,2019-11-19 10:00:06
1656,-,+,+,-,-,+,-,+,+,+,-,-,-,-,-,-,-,-,-,-,-,207,48016,1,2019-11-19 10:00:06,2019-11-19 10:00:06,,2019-11-19 10:00:06
1657,-,+,+,-,+,+,-,+,-,+,+,-,+,+,-,+,-,+,-,-,+,144675,48377,1,2019-11-19 10:00:06,2019-11-19 10:00:06,,2019-11-19 10:00:06
1658,-,+,+,-,-,-,-,-,-,+,-,-,-,-,-,-,-,-,-,-,-,144679,48381,1,2019-11-19 10:00:06,2019-11-19 10:00:06,,2019-11-19 10:00:06
1659,-,+,+,+,-,+,-,-,-,-,-,-,+,-,+,-,-,+,-,-,+,138204,48401,1,2019-11-19 10:00:06,2019-11-19 10:00:06,,2019-11-19 10:00:06
1660,-,+,+,-,-,+,-,-,-,+,+,-,+,+,-,+,-,+,-,-,+,145089,48857,1,2019-11-19 10:00:06,2019-11-19 10:00:06,,2019-11-19 10:00:06
1661,-,+,+,-,-,+,-,+,-,+,-,-,+,-,+,-,-,-,-,-,+,145245,49041,1,2019-11-19 10:00:06,2019-11-19 10:00:06,,2019-11-19 10:00:06
1662,-,-,+,-,-,+,-,+,+,+,-,-,-,-,-,-,-,-,-,-,-,145248,49044,1,2019-11-19 10:00:06,2019-11-19 10:00:06,,2019-11-19 10:00:06
1663,-,+,+,-,-,+,-,-,-,-,-,-,+,+,-,+,-,+,-,-,+,145333,49148,1,2019-11-19 10:00:06,2019-11-19 10:00:06,,2019-11-19 10:00:06
1664,-,+,+,-,-,+,-,-,-,+,-,-,+,-,+,-,-,-,-,-,,145517,49356,1,2019-11-19 10:00:06,2019-11-19 10:00:06,,2019-11-19 10:00:06
1665,-,-,-,-,+,+,-,+,+,+,-,-,-,-,-,-,-,-,-,-,+,145602,49461,1,2019-11-19 10:00:06,2019-11-19 10:00:06,,2019-11-19 10:00:06
1666,-,-,+,-,-,+,-,-,+,-,+,-,-,-,-,-,-,-,-,-,,145690,49565,1,2019-11-19 10:00:06,2019-11-19 10:00:06,,2019-11-19 10:00:06
1667,-,-,+,-,-,+,-,+,+,+,-,-,+,-,-,+,-,-,-,-,-,145785,49670,1,2019-11-19 10:00:06,2019-11-19 10:00:06,,2019-11-19 10:00:06
1668,-,+,-,-,-,+,-,-,-,-,-,+,+,+,-,-,-,-,-,-,+,145970,49873,1,2019-11-19 10:00:06,2019-11-19 10:00:06,,2019-11-19 10:00:06
1669,-,+,+,-,-,+,-,+,-,+,-,+,+,+,+,+,+,-,-,-,-,146164,50112,1,2019-11-19 10:00:06,2019-11-19 10:00:06,,2019-11-19 10:00:06
1670,-,+,+,-,-,-,-,-,-,+,-,-,+,-,+,+,+,-,-,-,,146164,50112,1,2019-11-19 10:00:06,2019-11-19 10:00:06,,2019-11-19 10:00:06
1671,-,+,+,-,-,-,-,-,+,+,-,-,+,-,-,-,-,-,-,-,-,146178,50128,1,2019-11-19 10:00:06,2019-11-19 10:00:06,,2019-11-19 10:00:06
1672,-,+,+,-,-,+,-,-,+,-,-,-,+,-,-,+,+,-,-,-,,146180,50131,1,2019-11-19 10:00:06,2019-11-19 10:00:06,,2019-11-19 10:00:06
1673,-,-,+,-,-,-,-,-,+,-,-,-,+,-,-,-,-,-,-,-,,146191,50151,1,2019-11-19 10:00:06,2019-11-19 10:00:06,,2019-11-19 10:00:06
1674,-,+,+,-,-,-,-,-,-,-,-,-,-,-,-,-,-,-,-,-,-,146191,50151,1,2019-11-19 10:00:06,2019-11-19 10:00:06,,2019-11-19 10:00:06
1675,-,-,+,-,-,-,-,-,-,-,+,-,-,-,-,-,-,-,-,-,-,146192,50152,1,2019-11-19 10:00:06,2019-11-19 10:00:06,,2019-11-19 10:00:06
1676,-,+,+,-,-,-,-,-,-,-,+,-,-,-,-,-,-,-,-,-,-,146193,50153,1,2019-11-19 10:00:06,2019-11-19 10:00:06,,2019-11-19 10:00:06
1677,-,-,+,-,-,-,-,-,-,-,-,-,-,-,-,-,-,-,-,-,-,146194,50154,1,2019-11-19 10:00:06,2019-11-19 10:00:06,,2019-11-19 10:00:06
1678,-,+,+,-,-,+,-,-,-,-,-,-,+,+,-,-,-,+,-,-,+,146207,50174,1,2019-11-19 10:00:06,2019-11-19 10:00:06,,2019-11-19 10:00:06
1679,-,+,-,+,-,+,-,-,-,-,-,-,+,-,+,-,-,+,+,-,+,146242,50223,1,2019-11-19 10:00:06,2019-11-19 10:00:06,,2019-11-19 10:00:06
1680,+,-,+,-,-,-,-,-,-,+,+,-,+,-,-,-,-,+,-,-,+,146428,50429,1,2019-11-19 10:00:06,2019-11-19 10:00:06,,2019-11-19 10:00:06
1681,+,-,+,-,+,+,-,+,-,+,-,-,-,-,-,-,-,-,-,-,+,146462,50476,1,2019-11-19 10:00:06,2019-11-19 10:00:06,,2019-11-19 10:00:06
1682,-,+,+,+,-,+,-,-,-,+,-,-,+,-,+,-,-,+,-,-,+,146471,50493,1,2019-11-19 10:00:06,2019-11-19 10:00:06,,2019-11-19 10:00:06
1683,+,-,+,-,-,-,-,-,+,+,+,-,+,-,-,-,-,-,-,-,+,146491,50513,1,2019-11-19 10:00:06,2019-11-19 10:00:06,,2019-11-19 10:00:06
1684,-,+,+,+,-,+,-,-,-,-,-,-,+,-,+,-,-,+,+,-,+,146653,50701,1,2019-11-19 10:00:06,2019-11-19 10:00:06,,2019-11-19 10:00:06
1685,-,+,+,-,-,+,-,+,-,-,-,-,+,+,+,-,-,-,-,-,+,146783,50840,1,2019-11-19 10:00:06,2019-11-19 10:00:06,,2019-11-19 10:00:06
1686,-,+,+,-,+,+,-,-,-,-,-,-,+,-,+,-,-,+,+,-,+,146903,50999,1,2019-11-19 10:00:06,2019-11-19 10:00:06,,2019-11-19 10:00:06
1687,-,+,+,-,-,+,-,-,-,+,-,-,+,-,+,-,-,-,-,-,+,147015,51115,1,2019-11-19 10:00:06,2019-11-19 10:00:06,,2019-11-19 10:00:06
1688,-,-,+,-,+,+,-,-,-,+,-,-,-,-,-,-,-,-,-,-,-,139200,51162,1,2019-11-19 10:00:06,2019-11-19 10:00:06,,2019-11-19 10:00:06
1689,-,-,+,-,-,-,-,-,+,-,+,+,+,-,-,-,-,-,-,-,-,147159,51288,1,2019-11-19 10:00:06,2019-11-19 10:00:06,,2019-11-19 10:00:06
1690,-,-,+,-,-,-,-,-,+,-,+,-,-,-,-,-,-,-,-,-,-,147165,51294,1,2019-11-19 10:00:06,2019-11-19 10:00:06,,2019-11-19 10:00:06
1691,-,+,-,+,-,+,-,-,-,+,-,-,+,-,+,-,-,-,-,-,+,147211,51356,1,2019-11-19 10:00:06,2019-11-19 10:00:06,,2019-11-19 10:00:06
1692,-,+,+,-,-,+,-,+,-,+,-,-,+,-,+,-,-,-,-,-,+,147286,51439,1,2019-11-19 10:00:06,2019-11-19 10:00:06,,2019-11-19 10:00:06
1693,-,+,+,+,-,+,-,-,-,+,-,-,+,-,+,-,-,+,-,-,-,147304,51461,1,2019-11-19 10:00:06,2019-11-19 10:00:06,,2019-11-19 10:00:06
1694,-,+,+,-,-,+,-,-,-,-,-,-,+,+,-,-,-,-,-,-,+,147482,51663,1,2019-11-19 10:00:06,2019-11-19 10:00:06,,2019-11-19 10:00:06
1695,-,+,+,-,-,+,-,+,-,+,-,-,+,+,-,-,-,-,-,-,+,147514,51695,1,2019-11-19 10:00:06,2019-11-19 10:00:06,,2019-11-19 10:00:06
1696,,,,,-,+,+,,,-,-,-,-,,-,,,-,,,-,147538,51719,1,2019-11-19 10:00:06,2019-11-19 10:00:06,,2019-11-19 10:00:06
1697,-,+,+,-,-,+,-,+,-,+,-,-,+,-,+,-,-,-,-,-,+,147541,51722,1,2019-11-19 10:00:06,2019-11-19 10:00:06,,2019-11-19 10:00:06
1698,-,-,+,-,-,-,-,-,+,+,+,-,+,-,-,-,-,-,-,-,-,147552,51739,1,2019-11-19 10:00:06,2019-11-19 10:00:06,,2019-11-19 10:00:06
1699,-,-,+,-,-,-,-,-,+,+,+,-,-,-,-,-,-,-,-,-,-,147553,51740,1,2019-11-19 10:00:06,2019-11-19 10:00:06,,2019-11-19 10:00:06
1700,-,+,+,-,-,+,-,-,-,+,-,-,-,-,-,-,-,-,-,-,+,147562,51750,1,2019-11-19 10:00:06,2019-11-19 10:00:06,,2019-11-19 10:00:06
1701,-,+,+,+,+,-,-,-,-,+,+,+,-,-,-,-,-,-,-,-,-,147709,51910,1,2019-11-19 10:00:06,2019-11-19 10:00:06,,2019-11-19 10:00:06
1702,-,+,+,-,-,+,-,+,-,-,-,-,+,+,+,-,-,+,-,-,-,147734,51939,1,2019-11-19 10:00:06,2019-11-19 10:00:06,,2019-11-19 10:00:06
1703,-,+,+,+,-,+,+,+,-,+,-,-,+,+,+,-,-,+,-,-,+,147738,51943,1,2019-11-19 10:00:06,2019-11-19 10:00:06,,2019-11-19 10:00:06
1704,-,-,+,-,-,-,-,-,+,+,+,-,+,-,-,-,-,-,-,-,+,147838,52058,1,2019-11-19 10:00:06,2019-11-19 10:00:06,,2019-11-19 10:00:06
1705,-,+,+,-,-,-,-,-,-,-,-,-,-,-,-,-,-,-,-,-,+,147858,52079,1,2019-11-19 10:00:06,2019-11-19 10:00:06,,2019-11-19 10:00:06
1706,-,+,+,-,-,+,-,-,-,-,-,-,+,+,-,-,-,+,-,-,+,147859,52080,1,2019-11-19 10:00:06,2019-11-19 10:00:06,,2019-11-19 10:00:06
1707,+,+,+,-,-,+,-,+,-,+,-,-,+,+,+,+,+,-,-,-,-,147960,52190,1,2019-11-19 10:00:06,2019-11-19 10:00:06,,2019-11-19 10:00:06
1708,-,-,+,-,+,+,-,-,-,+,+,-,-,-,-,+,-,+,-,-,+,147977,52207,1,2019-11-19 10:00:06,2019-11-19 10:00:06,,2019-11-19 10:00:06
1709,-,+,+,+,+,+,-,-,-,+,-,-,+,-,+,-,-,+,-,-,+,147986,52216,1,2019-11-19 10:00:06,2019-11-19 10:00:06,,2019-11-19 10:00:06
1710,-,+,+,+,-,+,-,-,-,+,-,-,+,-,+,-,-,-,+,-,+,148051,52289,1,2019-11-19 10:00:06,2019-11-19 10:00:06,,2019-11-19 10:00:06
1711,-,-,+,-,-,-,-,+,+,+,-,-,+,+,-,-,-,-,-,-,-,148071,52309,1,2019-11-19 10:00:06,2019-11-19 10:00:06,,2019-11-19 10:00:06
1712,-,+,+,-,-,+,-,+,-,+,-,-,+,+,+,-,-,-,-,-,+,148193,52456,1,2019-11-19 10:00:06,2019-11-19 10:00:06,,2019-11-19 10:00:06
1713,-,+,+,+,-,+,-,-,-,+,-,-,+,-,-,-,-,-,-,-,+,148246,52512,1,2019-11-19 10:00:06,2019-11-19 10:00:06,,2019-11-19 10:00:06
1714,-,+,+,-,-,-,-,-,-,+,-,-,-,-,-,-,-,-,-,-,+,148279,52551,1,2019-11-19 10:00:06,2019-11-19 10:00:06,,2019-11-19 10:00:06
1715,-,+,+,-,-,-,-,+,-,+,-,-,+,-,+,-,-,-,-,+,+,148422,52711,1,2019-11-19 10:00:06,2019-11-19 10:00:06,,2019-11-19 10:00:06
1716,+,-,+,-,+,+,-,+,-,+,-,-,-,-,-,-,-,-,-,-,+,148598,52919,1,2019-11-19 10:00:06,2019-11-19 10:00:06,,2019-11-19 10:00:06
1717,-,+,+,+,-,+,-,+,-,+,-,-,+,-,+,-,-,+,-,+,+,148601,52922,1,2019-11-19 10:00:06,2019-11-19 10:00:06,,2019-11-19 10:00:06
1718,+,-,+,-,+,+,-,+,-,+,-,-,-,-,-,-,-,-,-,-,+,148752,53080,1,2019-11-19 10:00:06,2019-11-19 10:00:06,,2019-11-19 10:00:06
1719,-,-,+,+,+,-,-,-,-,-,-,-,+,-,+,-,-,-,-,-,+,148754,53082,1,2019-11-19 10:00:06,2019-11-19 10:00:06,,2019-11-19 10:00:06
1720,-,-,+,+,-,+,-,+,-,+,-,-,+,-,-,-,-,-,-,-,-,148857,53189,1,2019-11-19 10:00:06,2019-11-19 10:00:06,,2019-11-19 10:00:06
1721,-,+,+,+,-,+,-,-,-,+,-,-,+,-,+,-,-,+,+,-,-,149032,53370,1,2019-11-19 10:00:06,2019-11-19 10:00:06,,2019-11-19 10:00:06
1722,-,+,+,+,-,+,-,-,-,+,-,-,+,+,+,-,-,+,+,-,-,149139,53493,1,2019-11-19 10:00:06,2019-11-19 10:00:06,,2019-11-19 10:00:06
1723,+,+,+,-,-,-,-,-,+,-,+,-,+,+,-,+,+,+,-,-,-,149361,53747,1,2019-11-19 10:00:06,2019-11-19 10:00:06,,2019-11-19 10:00:06
1724,-,-,+,+,-,-,+,-,-,+,-,-,+,-,+,-,-,-,+,-,+,149535,53955,1,2019-11-19 10:00:06,2019-11-19 10:00:06,,2019-11-19 10:00:06
1725,-,-,+,-,-,+,-,-,-,+,-,-,-,-,-,-,-,-,-,-,+,149586,54018,1,2019-11-19 10:00:06,2019-11-19 10:00:06,,2019-11-19 10:00:06
1726,-,+,+,-,+,+,+,-,-,+,-,-,+,-,+,-,-,+,-,-,+,149640,54073,1,2019-11-19 10:00:06,2019-11-19 10:00:06,,2019-11-19 10:00:06
1727,-,+,+,-,+,+,+,-,-,+,-,-,+,-,+,-,-,+,-,-,+,149645,54078,1,2019-11-19 10:00:06,2019-11-19 10:00:06,,2019-11-19 10:00:06
1728,-,+,+,+,-,+,-,-,-,+,-,-,+,-,+,-,-,+,+,-,+,136814,54319,1,2019-11-19 10:00:06,2019-11-19 10:00:06,,2019-11-19 10:00:06
1729,-,+,+,-,-,+,-,-,-,+,-,-,-,-,-,-,-,-,-,-,-,149901,54372,1,2019-11-19 10:00:06,2019-11-19 10:00:06,,2019-11-19 10:00:06
1730,-,-,+,-,-,-,-,+,+,+,-,-,-,-,-,-,-,-,-,-,+,149928,54401,1,2019-11-19 10:00:06,2019-11-19 10:00:06,,2019-11-19 10:00:06
1731,-,+,+,-,-,-,-,+,+,+,-,-,-,-,-,-,-,-,-,-,-,149948,54430,1,2019-11-19 10:00:06,2019-11-19 10:00:06,,2019-11-19 10:00:06
1732,+,+,+,+,-,+,+,-,-,+,-,+,+,+,+,-,-,+,-,+,+,149992,54482,1,2019-11-19 10:00:06,2019-11-19 10:00:06,,2019-11-19 10:00:06
1733,+,-,-,-,+,+,-,-,-,+,-,-,+,-,-,-,-,-,-,-,+,150101,54604,1,2019-11-19 10:00:06,2019-11-19 10:00:06,,2019-11-19 10:00:06
1734,-,+,+,-,-,+,-,+,-,+,-,-,+,+,+,-,+,-,-,-,+,150137,54643,1,2019-11-19 10:00:06,2019-11-19 10:00:06,,2019-11-19 10:00:06
1735,+,-,+,-,+,-,-,-,-,+,-,-,-,-,-,-,-,-,-,-,+,150213,54731,1,2019-11-19 10:00:06,2019-11-19 10:00:06,,2019-11-19 10:00:06
1736,-,+,+,+,-,+,+,+,-,+,-,-,+,+,+,-,-,+,-,-,+,150216,54734,1,2019-11-19 10:00:06,2019-11-19 10:00:06,,2019-11-19 10:00:06
1737,+,-,+,-,+,-,-,+,-,+,-,-,-,-,-,-,-,-,-,-,+,150435,54993,1,2019-11-19 10:00:06,2019-11-19 10:00:06,,2019-11-19 10:00:06
1738,-,+,+,-,-,+,-,+,-,+,-,-,+,+,+,-,-,-,-,-,+,150449,55009,1,2019-11-19 10:00:06,2019-11-19 10:00:06,,2019-11-19 10:00:06
1739,-,+,+,+,-,+,+,+,-,+,-,-,-,-,-,-,-,-,-,-,-,132840,65619,1,2019-11-19 10:00:06,2019-11-19 10:00:06,,2019-11-19 10:00:06
1740,-,+,+,-,-,+,-,+,-,+,-,-,+,+,+,-,-,+,-,-,+,150476,55046,1,2019-11-19 10:00:06,2019-11-19 10:00:06,,2019-11-19 10:00:06
1741,-,-,+,-,+,+,-,+,-,+,-,-,-,-,-,-,-,-,-,-,+,150501,55071,1,2019-11-19 10:00:06,2019-11-19 10:00:06,,2019-11-19 10:00:06
1742,-,+,-,+,-,+,-,+,+,+,-,-,-,-,-,-,-,-,-,-,-,150595,55180,1,2019-11-19 10:00:06,2019-11-19 10:00:06,,2019-11-19 10:00:06
1743,-,-,+,-,-,-,-,+,+,+,-,-,-,-,-,-,-,-,-,-,-,150710,55307,1,2019-11-19 10:00:06,2019-11-19 10:00:06,,2019-11-19 10:00:06
1744,-,+,+,-,-,+,-,+,-,+,-,-,+,-,-,-,-,-,-,-,+,150779,55387,1,2019-11-19 10:00:06,2019-11-19 10:00:06,,2019-11-19 10:00:06
1745,-,+,-,-,-,-,-,+,-,+,-,-,-,-,-,-,-,-,-,-,+,151238,55917,1,2019-11-19 10:00:06,2019-11-19 10:00:06,,2019-11-19 10:00:06
1746,-,-,+,-,-,-,-,-,-,-,-,-,-,-,-,-,-,-,-,-,-,151239,55918,1,2019-11-19 10:00:06,2019-11-19 10:00:06,,2019-11-19 10:00:06
1747,-,+,+,+,-,+,+,-,-,+,-,-,+,-,-,-,-,+,-,-,-,151271,55959,1,2019-11-19 10:00:06,2019-11-19 10:00:06,,2019-11-19 10:00:06
1748,-,-,+,+,-,-,+,-,-,+,-,+,+,-,-,+,+,+,+,-,-,151574,56281,1,2019-11-19 10:00:06,2019-11-19 10:00:06,,2019-11-19 10:00:06
1749,-,+,+,-,-,+,-,+,-,+,-,-,+,-,-,-,+,-,-,+,+,131136,56327,1,2019-11-19 10:00:06,2019-11-19 10:00:06,,2019-11-19 10:00:06
1750,-,-,+,-,-,-,-,+,-,+,-,-,-,-,-,-,+,-,-,-,-,151726,56455,1,2019-11-19 10:00:06,2019-11-19 10:00:06,,2019-11-19 10:00:06
1751,-,+,+,-,-,+,-,-,-,+,-,-,+,-,-,-,-,-,-,-,-,151730,56460,1,2019-11-19 10:00:06,2019-11-19 10:00:06,,2019-11-19 10:00:06
1752,+,+,+,-,-,+,-,+,-,+,-,-,+,+,+,+,+,-,-,-,-,151748,56481,1,2019-11-19 10:00:06,2019-11-19 10:00:06,,2019-11-19 10:00:06
1753,-,+,+,-,-,+,-,+,-,-,-,+,+,+,+,+,+,+,-,-,+,151750,56483,1,2019-11-19 10:00:06,2019-11-19 10:00:06,,2019-11-19 10:00:06
1754,-,+,+,-,-,+,-,+,-,+,-,-,+,-,+,-,+,-,-,-,+,151899,56666,1,2019-11-19 10:00:06,2019-11-19 10:00:06,,2019-11-19 10:00:06
1755,-,+,+,-,-,-,-,-,-,+,-,-,-,-,-,-,-,-,-,-,-,152602,57558,1,2019-11-19 10:00:06,2019-11-19 10:00:06,,2019-11-19 10:00:06
1756,-,+,+,-,+,+,-,-,-,+,+,-,+,-,+,-,+,-,-,-,+,153095,58182,1,2019-11-19 10:00:06,2019-11-19 10:00:06,,2019-11-19 10:00:06
1757,-,+,+,+,-,+,-,-,-,+,-,-,+,-,+,-,-,-,+,-,+,153190,58293,1,2019-11-19 10:00:06,2019-11-19 10:00:06,,2019-11-19 10:00:06
1758,-,+,+,-,-,+,-,-,-,+,-,-,+,-,-,-,-,-,-,-,-,153210,58319,1,2019-11-19 10:00:06,2019-11-19 10:00:06,,2019-11-19 10:00:06
1759,-,+,+,+,+,+,+,+,-,+,-,-,+,+,+,-,-,-,+,-,+,153251,58385,1,2019-11-19 10:00:06,2019-11-19 10:00:06,,2019-11-19 10:00:06
1760,-,+,+,-,-,+,-,-,-,+,-,-,+,+,+,-,+,-,-,+,+,153656,58888,1,2019-11-19 10:00:06,2019-11-19 10:00:06,,2019-11-19 10:00:06
1761,-,+,+,-,-,-,-,-,-,-,-,-,+,+,+,-,-,+,-,-,+,153775,59055,1,2019-11-19 10:00:06,2019-11-19 10:00:06,,2019-11-19 10:00:06
1762,-,+,+,-,-,+,-,-,-,+,-,-,+,-,+,+,+,-,-,-,-,153919,59267,1,2019-11-19 10:00:06,2019-11-19 10:00:06,,2019-11-19 10:00:06
1763,-,+,+,-,-,+,+,-,-,-,-,-,+,-,+,-,-,+,+,-,-,153920,59268,1,2019-11-19 10:00:06,2019-11-19 10:00:06,,2019-11-19 10:00:06
1764,-,+,+,-,-,+,-,-,-,+,-,-,+,+,+,-,-,-,-,+,,154331,59806,1,2019-11-19 10:00:06,2019-11-19 10:00:06,,2019-11-19 10:00:06
1765,-,+,+,+,+,+,+,+,-,+,-,-,+,-,+,-,-,+,-,-,-,154346,59825,1,2019-11-19 10:00:06,2019-11-19 10:00:06,,2019-11-19 10:00:06
1766,-,+,+,+,-,+,-,-,-,+,-,-,+,+,+,-,-,+,-,-,+,154407,59898,1,2019-11-19 10:00:06,2019-11-19 10:00:06,,2019-11-19 10:00:06
1767,-,+,+,-,-,+,-,-,-,+,-,-,-,-,-,-,-,-,-,-,-,154636,60286,1,2019-11-19 10:00:06,2019-11-19 10:00:06,,2019-11-19 10:00:06
1768,-,+,+,-,+,-,-,+,-,-,-,-,-,-,-,-,-,-,-,-,+,154938,60732,1,2019-11-19 10:00:06,2019-11-19 10:00:06,,2019-11-19 10:00:06
1769,-,+,+,-,+,-,-,-,-,+,-,-,-,-,-,-,-,-,-,-,+,154939,60733,1,2019-11-19 10:00:06,2019-11-19 10:00:06,,2019-11-19 10:00:06
1770,-,-,+,+,-,-,-,-,-,+,-,-,-,-,-,-,-,-,-,-,-,155052,60905,1,2019-11-19 10:00:06,2019-11-19 10:00:06,,2019-11-19 10:00:06
1771,-,-,+,+,-,-,-,-,+,-,-,-,-,-,-,-,-,-,-,-,-,155053,60906,1,2019-11-19 10:00:06,2019-11-19 10:00:06,,2019-11-19 10:00:06
1772,-,+,+,-,-,+,-,-,-,+,-,-,+,-,-,+,+,-,-,-,+,155204,61123,1,2019-11-19 10:00:06,2019-11-19 10:00:06,,2019-11-19 10:00:06
1773,-,-,+,-,-,-,-,-,-,+,-,-,-,-,-,-,-,+,-,-,+,155372,61348,1,2019-11-19 10:00:06,2019-11-19 10:00:06,,2019-11-19 10:00:06
1774,+,+,+,-,-,-,-,-,-,-,-,+,-,-,-,+,-,-,-,-,+,155373,61350,1,2019-11-19 10:00:06,2019-11-19 10:00:06,,2019-11-19 10:00:06
1775,-,+,+,+,+,+,+,+,-,+,-,-,-,-,-,-,-,-,-,-,+,155529,61555,1,2019-11-19 10:00:06,2019-11-19 10:00:06,,2019-11-19 10:00:06
1776,+,+,+,+,+,+,+,+,-,+,-,-,+,-,+,-,-,+,-,-,+,155700,61809,1,2019-11-19 10:00:06,2019-11-19 10:00:06,,2019-11-19 10:00:06
1777,-,-,+,-,+,+,-,-,-,+,-,-,-,-,-,+,+,-,-,-,+,155762,61877,1,2019-11-19 10:00:06,2019-11-19 10:00:06,,2019-11-19 10:00:06
1778,-,+,+,-,-,+,-,-,-,+,-,-,-,-,-,-,-,-,-,-,+,155976,62128,1,2019-11-19 10:00:06,2019-11-19 10:00:06,,2019-11-19 10:00:06
1779,-,+,+,+,+,+,+,-,-,+,-,-,-,-,-,-,-,-,-,-,+,156309,62548,1,2019-11-19 10:00:06,2019-11-19 10:00:06,,2019-11-19 10:00:06
1780,-,+,+,-,-,-,-,-,-,+,-,-,-,-,-,-,-,-,-,-,+,156561,62883,1,2019-11-19 10:00:06,2019-11-19 10:00:06,,2019-11-19 10:00:06
1781,-,+,+,-,-,-,-,-,-,+,-,-,-,-,-,-,-,-,-,-,-,156603,62982,1,2019-11-19 10:00:06,2019-11-19 10:00:06,,2019-11-19 10:00:06
1782,+,-,+,-,-,+,-,-,+,+,-,-,+,-,-,+,-,+,-,-,-,141784,44926,1,2019-11-19 10:00:06,2019-11-19 10:00:06,,2019-11-19 10:00:06
1783,-,+,+,+,-,+,-,-,-,-,-,-,+,-,+,-,-,+,-,-,+,141795,44941,1,2019-11-19 10:00:06,2019-11-19 10:00:06,,2019-11-19 10:00:06
1784,-,+,+,+,-,+,-,-,-,-,-,-,+,-,+,-,-,+,-,-,+,141798,44944,1,2019-11-19 10:00:06,2019-11-19 10:00:06,,2019-11-19 10:00:06
1785,-,+,+,+,+,+,-,+,+,+,-,-,-,-,-,-,-,-,-,-,-,157210,63736,1,2019-11-19 10:00:06,2019-11-19 10:00:06,,2019-11-19 10:00:06
1786,-,+,+,+,-,+,-,-,-,+,-,-,+,-,+,-,-,+,-,-,+,141817,44963,1,2019-11-19 10:00:06,2019-11-19 10:00:06,,2019-11-19 10:00:06
1787,-,-,+,+,-,+,-,-,-,-,-,-,+,-,+,-,-,+,+,-,+,141847,45027,1,2019-11-19 10:00:06,2019-11-19 10:00:06,,2019-11-19 10:00:06
1788,-,-,+,+,-,+,-,-,-,+,-,-,-,-,-,-,-,-,-,-,+,141848,45028,1,2019-11-19 10:00:06,2019-11-19 10:00:06,,2019-11-19 10:00:06
1789,-,+,+,+,-,+,-,-,-,-,-,-,+,-,+,-,-,+,-,-,+,141853,45033,1,2019-11-19 10:00:06,2019-11-19 10:00:06,,2019-11-19 10:00:06
1790,-,+,+,+,+,+,+,-,-,+,+,+,+,-,+,-,-,+,-,-,+,141883,45074,1,2019-11-19 10:00:06,2019-11-19 10:00:06,,2019-11-19 10:00:06
1791,-,+,+,+,-,+,-,+,-,-,-,-,-,-,-,-,-,-,-,-,+,141884,45075,1,2019-11-19 10:00:06,2019-11-19 10:00:06,,2019-11-19 10:00:06
1792,-,+,+,+,+,+,+,+,-,+,-,-,+,-,+,-,-,+,+,-,+,141953,45146,1,2019-11-19 10:00:06,2019-11-19 10:00:06,,2019-11-19 10:00:06
1793,-,-,+,-,-,+,-,-,+,-,+,-,+,-,-,+,-,-,-,-,+,141330,44293,1,2019-11-19 10:00:06,2019-11-19 10:00:06,,2019-11-19 10:00:06
1794,-,-,+,+,-,-,-,-,+,+,-,+,+,-,-,+,+,+,+,-,+,141973,45169,1,2019-11-19 10:00:06,2019-11-19 10:00:06,,2019-11-19 10:00:06
1795,+,-,+,-,-,+,-,-,-,-,+,-,-,-,-,-,-,-,-,-,+,141995,45205,1,2019-11-19 10:00:06,2019-11-19 10:00:06,,2019-11-19 10:00:06
1796,-,-,+,-,-,-,-,-,-,-,+,-,-,-,-,-,-,-,-,-,-,2130,45233,1,2019-11-19 10:00:06,2019-11-19 10:00:06,,2019-11-19 10:00:06
2053,-,+,+,-,-,+,-,-,+/-,+,-,-,-,-,-,-,-,-,-,-,-,2126,2005,1,2018-02-22 00:00:00,2018-02-23 11:00:03,274.0,2019-11-20 07:22:48
2054,-,+,-,+,-,-,-,-,-,+,-,-,-,-,-,-,-,-,-,-,+,2134,7718,1,2018-05-30 00:00:00,2018-06-11 12:35:03,276.0,2019-11-20 07:22:48
2055,-,+,+,+,-,+,+/-,-,-,+,-,-,-,-,-,-,-,-,-,-,+,23822,20492,1,2018-07-05 00:00:00,2018-07-06 09:45:03,277.0,2019-11-20 07:22:48
2056,-,+,+,+,-,+,+/-,-,-,+,-,-,-,-,-,-,-,-,-,-,+,131216,22855,1,2018-07-05 00:00:00,2018-07-06 10:05:03,278.0,2019-11-20 07:22:48
2057,+,-,-,-,+,-,-,-,-,+,-,-,-,-,-,-,-,-,-,-,+,6102,15441,1,2018-08-10 00:00:00,2018-08-29 15:00:03,279.0,2019-11-20 07:22:48
2058,-,+,-,-,-,-,-,-,-,+,-,-,-,-,-,+,+,-,-,-,+,157922,64494,1,2018-09-21 00:00:00,2018-09-21 10:35:03,280.0,2019-11-20 07:22:48
2059,-,+,-,-,-,-,-,-,-,+,-,-,-,-,-,+,-,-,-,-,+,157921,64493,1,2018-09-21 00:00:00,2018-09-21 10:35:03,281.0,2019-11-20 07:22:48
2060,-,+,+,-,-,-,-,-,-,+,-,-,-,-,-,+,-,-,-,-,+,157923,64495,1,2018-09-21 00:00:00,2018-09-21 10:35:03,282.0,2019-11-20 07:22:48
2061,-,+,-,-,-,-,-,-,-,+,-,-,-,-,-,+,-,-,-,-,+,157924,64496,1,2018-09-21 00:00:00,2018-09-21 10:40:03,283.0,2019-11-20 07:22:48
2062,-,+,-,-,-,-,-,-,-,+,-,-,-,-,-,+,+,-,-,-,+,157925,64497,1,2018-09-21 00:00:00,2018-09-21 10:40:03,284.0,2019-11-20 07:22:48
2063,-,+,+,+,-,+,+/-,-,-,+/-,-,+,-,-,-,-,-,-,-,-,+,132840,24628,1,2018-09-20 00:00:00,2018-10-01 14:55:03,285.0,2019-11-20 07:22:48
2064,-,+,+,-,+/-,+/-,-,-,-,+,-,-,-,-,-,-,-,-,-,-,+,157035,64329,1,2017-09-13 00:00:00,2018-10-10 14:05:03,286.0,2019-11-20 07:22:48
2065,+,-,-,-,+,+,-,-,-,+,-,-,-,-,-,-,-,-,-,-,,24099,20491,1,2018-12-06 00:00:00,2018-12-10 13:30:03,287.0,2019-11-20 07:22:48
2066,-,+,+,-,-,+,-,-,-,+,-,+,+,+/-,+,+,+,+,+,-,+,157920,64492,1,2018-09-13 00:00:00,2018-12-18 13:30:05,288.0,2019-11-20 07:22:48
2067,+,+,+,+,+,+,-,-,-,+,-,+,-,-,-,-,-,-,-,-,+,2139,16626,1,2019-01-09 00:00:00,2019-01-16 13:30:04,289.0,2019-11-20 07:22:48
2068,+,+,+,-,-,-,-,-,-,+,-,-,-,-,-,-,-,-,-,-,,23819,20311,1,2019-01-21 00:00:00,2019-01-21 14:25:03,290.0,2019-11-20 07:22:48
2069,-,+,+,-,-,+,-,-,-,+,-,-,+/-,-,+/-,-,+/-,-,+/-,-,+,2103,1684,1,2019-02-14 00:00:00,2019-02-19 09:35:04,291.0,2019-11-20 07:22:48
2070,-,+,+,+,-,+,-,-,-,-,-,-,+,-,+/-,-,-,+/-,-,-,+,131213,22852,1,2019-03-07 00:00:00,2019-03-08 08:15:04,292.0,2019-11-20 07:22:48
2071,+,-,-,-,+,-,-,-,-,+,-,-,-,-,-,-,-,-,-,-,+,6102,15441,1,2019-03-06 00:00:00,2019-03-08 08:25:03,293.0,2019-11-20 07:22:48
2072,-,+,+,+,+,+,-,-,-,+,-,-,+,-,+/-,-,-,-,-,-,+,2145,17498,1,2019-05-09 00:00:00,2019-05-24 11:05:04,297.0,2019-11-20 07:22:48
2073,-,+,+,+,-,+,+/-,-,-,+,-,-,-,-,-,-,-,-,-,-,+,132840,24628,1,2019-07-11 00:00:00,2019-07-12 10:25:03,298.0,2019-11-20 07:22:48
2074,+,+,-,+,-,-,-,-,-,+/-,-,-,-,-,-,-,-,-,-,-,+,6108,16601,1,2019-09-18 00:00:00,2019-09-24 13:05:09,300.0,2019-11-20 07:22:48
2075,+,-,-,-,+,+,-,-,-,+,-,-,-,-,-,-,-,-,-,-,+,157652,64221,1,2019-09-18 00:00:00,2019-09-25 12:20:09,301.0,2019-11-20 07:22:48
