ID_kit_api_20STR,cupule_1,cupule_2,cupule_3,cupule_4,cupule_5,cupule_6,cupule_7,cupule_8,cupule_9,cupule_10,cupule_11,cupule_12,cupule_13,cupule_14,cupule_15,cupule_16,cupule_17,cupule_18,cupule_19,cupule_20,cupule_21,ID_strains,ID_reference,manual_annotation,created_20STR,modify_in_pgsql_20STR,ID_tbl_api_20STR,last_change
538,+,-,+,-,+,-,+,-,-,-,-,+,+/-,-,+,+,-,+,-,-,-,6825,8748,1,2018-07-10 00:00:00,2018-07-13 09:25:03,55.0,2019-11-20 06:22:46
537,-,-,+/-,+/-,-,-,+,-,+,+,-,-,-,-,+,+,+,+,-,-,-,14749,8916,1,2017-10-10 00:00:00,2017-10-12 07:55:03,54.0,2019-11-20 06:22:46
536,-,-,+,-,+,+,-,-,+,-,-,-,-,-,+,+,+,+,+,+,,24602,21032,1,2016-06-22 00:00:00,2016-06-30 10:20:04,53.0,2019-11-20 06:22:46
535,+,-,-,-,-,-,+,-,+,-,-,-,-,-,+,-,-,-,-,-,-,14786,8965,1,2016-03-02 00:00:00,2016-03-01 23:00:00,52.0,2019-11-20 06:22:46
534,-,-,+,-,-,-,-,-,+,-,-,-,-,-,+,+,-,-,-,-,,24603,21033,1,2014-02-05 00:00:00,2016-01-18 08:02:53,51.0,2019-11-20 06:22:46
533,-,+,-,-,+/-,-,+/-,-,+,-,-,-,-,-,+,+,-,+,-,-,-,14751,18142,1,2013-02-13 00:00:00,2016-01-18 08:02:53,50.0,2019-11-20 06:22:46
532,+,-,+/-,-,-,-,-,+,+,+,-,-,-,-,+,+,-,-,+,-,,24606,21036,1,2013-08-28 00:00:00,2016-01-18 08:02:53,49.0,2019-11-20 06:22:46
531,+,-,+,-,-,-,-,+,+,-,-,-,-,-,+,+,-,-,+,-,,24606,21036,1,2012-04-03 00:00:00,2016-01-18 08:02:53,48.0,2019-11-20 06:22:46
530,+,-,+/-,-,-,-,-,+,+,+,-,-,-,-,+,+,-,-,-,+,,24605,21035,1,2013-08-28 00:00:00,2016-01-18 08:02:53,47.0,2019-11-20 06:22:46
529,+,-,+,-,-,-,-,+,+,+,-,-,-,-,+/-,+,-,-,-,+,,24605,21035,1,2012-04-03 00:00:00,2016-01-18 08:02:53,46.0,2019-11-20 06:22:46
528,+,+,+,+,+,-,+,-,+,+,+,+,+,-,+,+,-,+,+,-,,5302,18026,1,2011-12-07 00:00:00,2016-01-18 08:02:53,45.0,2019-11-20 06:22:46
527,+,+,+,-,-,-,+,-,-,+,+,+,+,-,+,+,-,+,+/-,-,,5303,18027,1,2014-12-03 00:00:00,2016-01-18 08:02:53,44.0,2019-11-20 06:22:46
526,+,+,+,+,+/-,-,+,-,-,+,+,+,+,+/-,+,+,-,-,+/-,-,,5303,18027,1,2011-12-07 00:00:00,2016-01-18 08:02:53,43.0,2019-11-20 06:22:46
525,-,-,-,-,-,-,-,-,+,-,-,-,-,-,-,-,-,-,-,-,-,10513,17651,1,2010-12-21 00:00:00,2016-01-18 08:02:53,42.0,2019-11-20 06:22:46
524,-,-,-,-,-,-,-,-,-,-,-,-,-,-,+/-,-,-,-,-,-,,11745,17548,1,2011-01-06 00:00:00,2016-01-18 08:02:53,41.0,2019-11-20 06:22:46
523,+,-,+,-,-,-,+,-,-,-,+,-,+,-,-,+,-,-,-,-,,5356,17315,1,2010-10-13 00:00:00,2016-01-18 08:02:53,40.0,2019-11-20 06:22:46
522,+,-,+,-,-,-,+,-,-,-,+/-,+,+/-,-,-,+/-,-,-,-,-,,5355,17314,1,2010-10-13 00:00:00,2016-01-18 08:02:53,39.0,2019-11-20 06:22:46
521,+,-,+,-,-,-,+,-,-,-,+,-,+,-,+/-,+,-,-,-,-,,5354,17313,1,2010-10-13 00:00:00,2016-01-18 08:02:53,38.0,2019-11-20 06:22:46
520,+,-,+,-,-,-,+,-,-,-,+,-,+,-,-,+,-,-,-,-,,5353,17312,1,2010-10-13 00:00:00,2016-01-18 08:02:53,37.0,2019-11-20 06:22:46
519,-,-,+,-,+,-,+,-,+,-,-,+,-,-,+,+,-,+,+,+,+,14845,17306,1,2010-07-20 00:00:00,2016-01-18 08:02:53,36.0,2019-11-20 06:22:46
518,+,+,+,+,-,-,+,-,+,+,+,+,+,-,+,+,-,-,+,-,-,5362,17327,1,2010-06-08 00:00:00,2016-01-18 08:02:53,35.0,2019-11-20 06:22:46
517,+,-,+,-,-,+,-,+,+,+,+,-,-,-,-,+,-,-,+,+/-,+,14801,16731,1,2009-12-11 00:00:00,2016-01-18 08:02:53,34.0,2019-11-20 06:22:46
516,-,-,-,-,-,-,-,+,+,-,-,-,-,-,-,-,-,-,-,-,+,23298,19213,1,2009-02-10 00:00:00,2016-01-18 08:02:53,33.0,2019-11-20 06:22:46
515,-,+,-,+/-,+/-,-,+,+,+,+,+,-,-,-,+,-,-,-,+,-,+,14720,9025,1,2010-04-13 00:00:00,2016-01-18 08:02:53,32.0,2019-11-20 06:22:46
514,-,-,-,-,-,+,-,+,+,+,+,-,-,-,+,+,-,-,+,-,-,14799,8882,1,2013-02-20 00:00:00,2016-01-18 08:02:53,31.0,2019-11-20 06:22:46
513,+,+,+,+,+,-,+,-,+,+,+,+,+,-,+,+,+,+,+,-,-,5310,8976,1,2010-07-20 00:00:00,2016-01-18 08:02:53,30.0,2019-11-20 06:22:46
512,+,-,-,-,-,-,+,-,+,-,-,-,-,-,+,-,-,-,-,-,,14786,8965,1,2013-07-03 00:00:00,2016-01-18 08:02:53,29.0,2019-11-20 06:22:46
511,+,-,-,-,-,-,+,-,+,-,-,-,-,-,+,-,-,-,-,-,,14786,8965,1,2011-01-25 00:00:00,2016-01-18 08:02:53,28.0,2019-11-20 06:22:46
510,+,-,-,-,-,-,-,+,+,+/-,-,-,-,-,-,+/-,-,-,-,-,,14722,8925,1,2010-09-14 00:00:00,2016-01-18 08:02:53,27.0,2019-11-20 06:22:46
509,+,-,+,-,-,-,-,+,+,+,-,-,-,-,+,+,-,-,+,-,,14732,8923,1,2010-04-13 00:00:00,2016-01-18 08:02:53,26.0,2019-11-20 06:22:46
508,+,+,+,+,-,+,-,+,+,+,+,-,+,+,+,+,+,-,-,-,,14787,8919,1,2014-11-13 00:00:00,2016-01-18 08:02:53,25.0,2019-11-20 06:22:46
507,+,+,+,+,-,-,-,+,+,+,+,-,+,+,+,+,+,-,-,-,,14787,8919,1,2012-09-11 00:00:00,2016-01-18 08:02:53,24.0,2019-11-20 06:22:46
506,+,+,+,+,-,+,-,+,+,+,+,-,+,+,+,+,+,-,-,-,-,14787,8919,1,2013-09-18 00:00:00,2016-01-18 08:02:53,23.0,2019-11-20 06:22:46
505,-,-,-,-,-,-,+,-,+,-,-,-,-,-,+,-,-,+,-,-,-,14785,8848,1,2010-05-27 00:00:00,2016-01-18 08:02:53,22.0,2019-11-20 06:22:46
504,+,-,-,-,-,-,+,-,+,-,-,-,-,-,+,-,-,-,-,-,,14784,8668,1,2013-10-22 00:00:00,2016-01-18 08:02:53,21.0,2019-11-20 06:22:46
503,+,-,-,-,-,-,+,-,+,-,-,-,-,-,+,-,-,-,-,-,,14784,8668,1,2010-09-30 00:00:00,2016-01-18 08:02:53,20.0,2019-11-20 06:22:46
502,-,-,+,-,-,-,-,-,+,-,-,-,-,-,+,+,-,+,+/-,-,-,14766,8498,1,2010-08-03 00:00:00,2016-01-18 08:02:53,19.0,2019-11-20 06:22:46
501,-,-,+,-,+/-,-,-,-,+,-,-,-,-,-,+,+,-,+/-,+/-,-,,14766,8498,1,2014-07-23 00:00:00,2016-01-18 08:02:53,18.0,2019-11-20 06:22:46
500,+,+,-,+,-,-,-,-,+,-,-,-,-,-,-,-,-,-,-,-,,1890,15442,1,2007-12-18 00:00:00,2016-01-18 08:02:53,17.0,2019-11-20 06:22:46
499,-,-,+,-,+,-,+,-,+,-,-,-,+,-,+,+,+,-,+,+,,14842,7827,1,2007-02-15 00:00:00,2016-01-18 08:02:53,16.0,2019-11-20 06:22:46
498,+,-,+,-,-,-,-,-,+,-,-,-,-,-,-,+,-,+,+,+,,14840,15411,1,2007-02-15 00:00:00,2016-01-18 08:02:53,15.0,2019-11-20 06:22:46
497,-,-,+/-,-,-,-,-,+,+,-,-,-,-,-,-,-,-,-,-,-,,14831,7651,1,2014-03-19 00:00:00,2016-01-18 08:02:53,14.0,2019-11-20 06:22:46
496,+,-,-,-,-,-,+,+,+,-,-,-,-,-,+,-,-,-,+,-,-,14831,7651,1,2006-11-03 00:00:00,2016-01-18 08:02:53,13.0,2019-11-20 06:22:46
495,+,+,-,+,-,-,+,-,+,+,-,-,-,-,+,-,-,-,-,-,-,14835,7627,1,2006-11-03 00:00:00,2016-01-18 08:02:53,12.0,2019-11-20 06:22:46
494,-,-,+,+,+,-,+,-,+,-,-,+,-,-,+,+,+,+,+,-,,5346,7131,1,2014-10-23 00:00:00,2016-01-18 08:02:53,11.0,2019-11-20 06:22:46
493,-,-,+,-,-,-,+,-,+,-,-,-,-,-,+,+,-,-,+,+,-,14809,5359,1,2010-04-13 00:00:00,2016-01-18 08:02:53,10.0,2019-11-20 06:22:46
492,-,-,-,-,+,-,-,-,+,-,+,-,-,-,+,-,-,+,+,-,,14734,4776,1,2014-06-18 00:00:00,2016-01-18 08:02:53,9.0,2019-11-20 06:22:46
491,-,-,+,-,-,-,-,-,+,-,+,-,-,-,+,-,-,+,+,-,,14734,4776,1,2012-10-23 00:00:00,2016-01-18 08:02:53,8.0,2019-11-20 06:22:46
490,-,-,-,-,-,-,-,-,+,-,+,-,-,-,+,-,-,+,+,-,,14734,4776,1,2006-12-13 00:00:00,2016-01-18 08:02:53,7.0,2019-11-20 06:22:46
489,+,-,+,-,+,-,-,-,+,-,-,-,+,+,+,+,+,+,-,-,-,14735,2510,1,2009-05-14 00:00:00,2016-01-18 08:02:53,5.0,2019-11-20 06:22:46
488,-,-,-,-,-,+,-,+,+,+,-,-,-,-,-,+,-,-,-,-,+,14800,2460,1,2007-02-28 00:00:00,2016-01-18 08:02:53,4.0,2019-11-20 06:22:46
487,-,-,-,-,-,+,-,+,+,+,-,-,-,-,-,+,-,-,+/-,-,+,14800,2460,1,2007-12-11 00:00:00,2016-01-18 08:02:53,3.0,2019-11-20 06:22:46
486,-,-,-,-,-,+/-,-,+,+,-,+,-,-,-,-,+,-,-,+,-,+,14800,2460,1,2007-12-11 00:00:00,2016-01-18 08:02:53,2.0,2019-11-20 06:22:46
485,+,+,+,+,-,-,-,-,+,+,+,-,+,+,+/-,+,-,-,+,-,,5279,1124,1,2012-07-18 00:00:00,2016-01-18 08:02:53,1.0,2019-11-20 06:22:46
213,-,-,-,-,-,+,-,+,+,+,+,-,-,-,+,+,-,-,+,-,-,142324,45590,1,2019-11-19 09:55:22,2019-11-19 08:55:22,,2019-11-19 08:55:22
214,-,-,+,-,+,+,-,-,+,-,-,-,-,-,+,+,+,-,+,+,-,142331,45597,1,2019-11-19 09:55:22,2019-11-19 08:55:22,,2019-11-19 08:55:22
215,+,+,+,-,-,-,-,-,+,-,-,-,-,-,-,+,-,-,-,-,+,131740,65601,1,2019-11-19 09:55:22,2019-11-19 08:55:22,,2019-11-19 08:55:22
216,+,-,+,-,+,+,+,-,+,-,-,-,-,-,+,+,-,+,-,-,-,143472,47007,1,2019-11-19 09:55:22,2019-11-19 08:55:22,,2019-11-19 08:55:22
217,+,-,-,+,+,+,-,+,+,+,-,-,-,-,+,-,-,+,-,-,+,143692,47257,1,2019-11-19 09:55:22,2019-11-19 08:55:22,,2019-11-19 08:55:22
218,-,+,-,+,-,-,-,-,-,-,-,-,+,-,+,+,-,-,+,-,+,141213,44138,1,2019-11-19 09:55:22,2019-11-19 08:55:22,,2019-11-19 08:55:22
219,-,-,-,+,-,-,-,-,-,-,-,-,-,-,-,-,-,-,-,-,-,143930,47518,1,2019-11-19 09:55:22,2019-11-19 08:55:22,,2019-11-19 08:55:22
220,+,-,+,-,-,-,-,+,+,+,-,-,-,-,+,+,-,-,-,-,-,136369,65629,1,2019-11-19 09:55:22,2019-11-19 08:55:22,,2019-11-19 08:55:22
221,-,-,+,-,-,+,-,+,+,+,-,-,-,-,-,-,-,-,+,+,+,144099,47708,1,2019-11-19 09:55:22,2019-11-19 08:55:22,,2019-11-19 08:55:22
222,+,-,-,+,-,-,-,+,+,+,-,-,-,-,-,+,-,-,-,-,+,144133,47742,1,2019-11-19 09:55:22,2019-11-19 08:55:22,,2019-11-19 08:55:22
223,-,-,-,+,-,-,+,-,-,-,+,-,-,-,-,+,-,-,-,-,+,144175,47790,1,2019-11-19 09:55:22,2019-11-19 08:55:22,,2019-11-19 08:55:22
224,-,-,-,-,+,-,-,+,+,-,-,-,-,-,+,+,-,+,+,-,-,144224,47848,1,2019-11-19 09:55:22,2019-11-19 08:55:22,,2019-11-19 08:55:22
225,-,-,-,-,-,+,-,+,+,+,+,-,-,-,-,+,-,-,+,-,+,144264,47911,1,2019-11-19 09:55:22,2019-11-19 08:55:22,,2019-11-19 08:55:22
226,-,-,-,-,-,-,-,+,-,-,-,-,+,+,-,-,-,-,-,-,+,138268,47913,1,2019-11-19 09:55:22,2019-11-19 08:55:22,,2019-11-19 08:55:22
227,-,-,-,-,-,-,-,+,-,-,-,-,-,-,-,-,-,-,-,-,-,144313,47967,1,2019-11-19 09:55:22,2019-11-19 08:55:22,,2019-11-19 08:55:22
228,+,-,+,-,-,-,+,-,+,-,-,-,-,-,+,-,-,-,+,-,+,135476,48004,1,2019-11-19 09:55:22,2019-11-19 08:55:22,,2019-11-19 08:55:22
229,+,-,+,-,-,-,+,-,+,-,-,-,-,-,+,+,-,-,-,-,+,144344,48007,1,2019-11-19 09:55:22,2019-11-19 08:55:22,,2019-11-19 08:55:22
230,-,-,-,-,-,-,-,-,+,+,-,-,-,-,+,+,-,-,-,-,-,144541,48222,1,2019-11-19 09:55:22,2019-11-19 08:55:22,,2019-11-19 08:55:22
231,-,-,-,-,+,-,-,-,+,+,-,-,-,+,+,+,+,+,+,-,-,144542,48223,1,2019-11-19 09:55:22,2019-11-19 08:55:22,,2019-11-19 08:55:22
232,-,-,-,-,-,-,-,-,+,+,-,-,-,-,+,+,-,-,-,-,-,144543,48224,1,2019-11-19 09:55:22,2019-11-19 08:55:22,,2019-11-19 08:55:22
233,-,-,-,+,-,-,-,-,+,-,-,-,-,-,-,+,-,-,-,-,-,144572,48256,1,2019-11-19 09:55:22,2019-11-19 08:55:22,,2019-11-19 08:55:22
234,-,-,-,-,-,-,+,+,+,-,-,-,-,-,+,-,-,-,-,-,-,144584,48269,1,2019-11-19 09:55:22,2019-11-19 08:55:22,,2019-11-19 08:55:22
235,+,-,+,+,-,-,-,-,-,+,+,-,-,-,-,+,-,-,+,-,-,144593,48278,1,2019-11-19 09:55:22,2019-11-19 08:55:22,,2019-11-19 08:55:22
236,+,-,-,-,-,-,-,+,+,+,-,-,-,-,+,+,-,-,-,-,-,144594,48279,1,2019-11-19 09:55:22,2019-11-19 08:55:22,,2019-11-19 08:55:22
237,-,-,-,-,-,-,+,+,+,-,-,-,-,-,+,-,-,-,-,-,-,144595,48280,1,2019-11-19 09:55:22,2019-11-19 08:55:22,,2019-11-19 08:55:22
238,+,-,+,-,-,-,+,-,+,-,-,-,-,-,+,+,+,+,-,-,-,144606,48293,1,2019-11-19 09:55:22,2019-11-19 08:55:22,,2019-11-19 08:55:22
239,+,-,+,-,+,-,-,-,+,-,-,-,+,+,+,+,+,+,-,-,-,144615,48309,1,2019-11-19 09:55:22,2019-11-19 08:55:22,,2019-11-19 08:55:22
240,+,-,-,-,-,-,-,-,+,+,-,-,-,-,-,-,-,-,-,-,-,144643,48345,1,2019-11-19 09:55:22,2019-11-19 08:55:22,,2019-11-19 08:55:22
241,-,-,-,-,-,+,-,+,+,+,+,-,-,-,+,+,-,-,+,+,,144673,48375,1,2019-11-19 09:55:22,2019-11-19 08:55:22,,2019-11-19 08:55:22
242,-,-,-,+,-,+,-,-,+,-,-,-,-,-,-,-,-,-,-,-,-,144688,48393,1,2019-11-19 09:55:22,2019-11-19 08:55:22,,2019-11-19 08:55:22
243,+,-,-,-,+,-,+,-,+,+,+,-,-,-,-,-,-,-,-,-,-,144710,48422,1,2019-11-19 09:55:22,2019-11-19 08:55:22,,2019-11-19 08:55:22
244,+,-,-,-,-,-,-,+,+,+,-,-,-,-,+,+,-,-,-,-,,144796,48514,1,2019-11-19 09:55:22,2019-11-19 08:55:22,,2019-11-19 08:55:22
245,-,-,+,-,+,-,-,-,-,-,+,-,+,-,-,+,-,+,+,-,-,144846,48568,1,2019-11-19 09:55:22,2019-11-19 08:55:22,,2019-11-19 08:55:22
246,-,-,-,+,-,-,-,-,+,-,+,-,-,-,-,-,-,-,+,-,-,144875,48604,1,2019-11-19 09:55:22,2019-11-19 08:55:22,,2019-11-19 08:55:22
247,-,-,-,-,-,+,-,+,+,+,+,-,-,-,-,-,-,-,+,+,+,145000,48752,1,2019-11-19 09:55:22,2019-11-19 08:55:22,,2019-11-19 08:55:22
248,-,-,-,-,-,+,-,+,+,+,+,-,-,-,+,+,-,-,+,-,+,145030,48790,1,2019-11-19 09:55:22,2019-11-19 08:55:22,,2019-11-19 08:55:22
249,-,-,-,+,-,+,-,+,+,+,+,-,-,-,-,+,-,-,+,-,+,145034,48794,1,2019-11-19 09:55:22,2019-11-19 08:55:22,,2019-11-19 08:55:22
250,-,-,+,-,+,-,+,+,+,+,+,-,-,-,-,+,-,-,+,-,+,145039,48801,1,2019-11-19 09:55:22,2019-11-19 08:55:22,,2019-11-19 08:55:22
251,-,+,+,-,-,-,-,+,+,+,-,-,-,-,+,+,-,-,+,-,-,145047,48809,1,2019-11-19 09:55:22,2019-11-19 08:55:22,,2019-11-19 08:55:22
252,+,+,+,+,-,+,+,+,+,+,+,-,+,+,+,+,+,-,+,+,-,145088,48856,1,2019-11-19 09:55:22,2019-11-19 08:55:22,,2019-11-19 08:55:22
253,-,-,-,+,-,+,-,+,+,+,+,-,-,-,+,+,-,-,+,+,+,145099,48875,1,2019-11-19 09:55:22,2019-11-19 08:55:22,,2019-11-19 08:55:22
254,-,-,-,-,-,+,-,+,+,+,+,-,-,-,+,+,-,-,+,+,+,145104,48882,1,2019-11-19 09:55:22,2019-11-19 08:55:22,,2019-11-19 08:55:22
255,-,-,-,-,-,-,-,+,+,-,-,-,-,-,+,+,-,-,+,-,+,145113,48891,1,2019-11-19 09:55:22,2019-11-19 08:55:22,,2019-11-19 08:55:22
256,-,-,-,-,-,-,-,+,+,-,+,-,-,-,+,-,-,+,+,-,+,145139,48920,1,2019-11-19 09:55:22,2019-11-19 08:55:22,,2019-11-19 08:55:22
257,-,-,+,-,+,-,-,+,+,-,-,-,-,+,+,-,-,+,-,-,+,145141,48922,1,2019-11-19 09:55:22,2019-11-19 08:55:22,,2019-11-19 08:55:22
258,+,-,-,-,-,-,-,+,+,-,-,-,-,-,-,+,+,-,-,-,-,145147,48928,1,2019-11-19 09:55:22,2019-11-19 08:55:22,,2019-11-19 08:55:22
259,+,-,-,-,-,-,-,+,+,-,-,-,-,-,+,+,-,-,-,-,-,145148,48929,1,2019-11-19 09:55:22,2019-11-19 08:55:22,,2019-11-19 08:55:22
260,-,-,-,-,-,+,-,+,+,+,+,-,-,-,-,+,-,-,+,+,+,145296,49106,1,2019-11-19 09:55:22,2019-11-19 08:55:22,,2019-11-19 08:55:22
261,-,-,-,-,-,+,-,+,+,+,+,-,-,-,+,+,-,-,+,+,+,145297,49107,1,2019-11-19 09:55:22,2019-11-19 08:55:22,,2019-11-19 08:55:22
262,+,+,+,+,-,-,+,+,+,+,+,-,+,+,+,+,-,-,+,-,,145308,49118,1,2019-11-19 09:55:22,2019-11-19 08:55:22,,2019-11-19 08:55:22
263,+,-,-,-,-,-,-,+,+,+,-,-,-,-,+,+,-,-,+,-,-,138149,49145,1,2019-11-19 09:55:22,2019-11-19 08:55:22,,2019-11-19 08:55:22
264,+,+,+,-,-,-,-,-,+,-,+,+,-,-,-,-,-,-,-,-,,145336,49151,1,2019-11-19 09:55:22,2019-11-19 08:55:22,,2019-11-19 08:55:22
265,+,+,-,-,-,+,-,+,+,+,-,-,-,-,-,-,-,-,-,-,-,145441,49273,1,2019-11-19 09:55:22,2019-11-19 08:55:22,,2019-11-19 08:55:22
266,+,-,+,+,-,-,-,-,+,-,-,-,-,-,-,+,-,-,-,-,-,145444,49276,1,2019-11-19 09:55:22,2019-11-19 08:55:22,,2019-11-19 08:55:22
267,-,+,-,+,-,+,-,+,-,-,-,-,-,-,-,-,-,-,-,-,,145468,49305,1,2019-11-19 09:55:22,2019-11-19 08:55:22,,2019-11-19 08:55:22
268,+,-,+,+,-,-,-,-,+,+,+,-,-,-,+,+,-,-,+,-,-,145494,49332,1,2019-11-19 09:55:22,2019-11-19 08:55:22,,2019-11-19 08:55:22
269,-,+,-,-,-,-,-,-,+,-,-,-,-,-,-,-,-,-,-,-,,135481,49352,1,2019-11-19 09:55:22,2019-11-19 08:55:22,,2019-11-19 08:55:22
270,+,-,+,-,+,-,-,-,+,-,-,-,+,+,+,+,-,+,-,-,,145519,49358,1,2019-11-19 09:55:22,2019-11-19 08:55:22,,2019-11-19 08:55:22
271,+,+,-,-,+,+,-,+,+,+,+,-,-,-,-,-,-,-,+,-,+,145713,49592,1,2019-11-19 09:55:22,2019-11-19 08:55:22,,2019-11-19 08:55:22
272,+,+,-,-,-,+,-,-,+,-,+,-,+,+,-,-,-,-,-,-,+,145776,49660,1,2019-11-19 09:55:22,2019-11-19 08:55:22,,2019-11-19 08:55:22
273,-,+,-,-,-,+,-,-,+,-,-,-,+,+,-,-,-,-,-,-,-,145777,49661,1,2019-11-19 09:55:22,2019-11-19 08:55:22,,2019-11-19 08:55:22
274,-,-,-,+,-,+,-,-,+,-,-,-,-,-,-,-,-,-,-,-,-,145800,49685,1,2019-11-19 09:55:22,2019-11-19 08:55:22,,2019-11-19 08:55:22
275,+,-,+,-,+,-,+,+,+,-,-,-,-,+,+,+,-,+,-,-,,146026,49958,1,2019-11-19 09:55:22,2019-11-19 08:55:22,,2019-11-19 08:55:22
276,+,+,+,+,-,-,+,-,+,-,-,-,-,-,-,+,-,-,-,-,+,146035,49968,1,2019-11-19 09:55:22,2019-11-19 08:55:22,,2019-11-19 08:55:22
277,-,-,+,-,-,-,-,-,+,+,-,-,-,-,+,-,-,-,-,-,+,146128,50068,1,2019-11-19 09:55:22,2019-11-19 08:55:22,,2019-11-19 08:55:22
278,-,-,+,-,-,-,-,+,+,-,-,-,-,-,+,-,-,+,-,-,+,146131,50071,1,2019-11-19 09:55:22,2019-11-19 08:55:22,,2019-11-19 08:55:22
279,+,-,-,-,-,-,+,+,+,-,-,-,-,-,+,+,-,-,-,-,+,146136,50076,1,2019-11-19 09:55:22,2019-11-19 08:55:22,,2019-11-19 08:55:22
280,+,-,+,-,-,-,+,-,+,+,-,+,-,-,-,+,-,-,-,-,-,146202,50167,1,2019-11-19 09:55:22,2019-11-19 08:55:22,,2019-11-19 08:55:22
281,-,-,+,-,-,-,-,-,+,-,-,-,-,-,-,-,-,-,-,-,,146219,50188,1,2019-11-19 09:55:22,2019-11-19 08:55:22,,2019-11-19 08:55:22
282,+,+,-,-,-,+,-,+,+,+,+,-,-,-,-,+,-,-,-,-,+,146220,50189,1,2019-11-19 09:55:22,2019-11-19 08:55:22,,2019-11-19 08:55:22
283,-,-,+,+,-,-,+,-,+,+,-,-,-,-,+,+,+,+,+,-,+,146287,50284,1,2019-11-19 09:55:22,2019-11-19 08:55:22,,2019-11-19 08:55:22
284,+,-,+,-,-,-,-,-,-,-,-,-,-,-,+,-,-,+,-,-,-,146329,50329,1,2019-11-19 09:55:22,2019-11-19 08:55:22,,2019-11-19 08:55:22
285,+,+,+,+,-,-,-,+,+,-,-,-,+,-,+,+,+,-,-,-,+,137568,50460,1,2019-11-19 09:55:22,2019-11-19 08:55:22,,2019-11-19 08:55:22
286,-,-,-,-,-,-,-,-,+,-,-,-,-,-,+,+,-,+,+,-,+,146543,50575,1,2019-11-19 09:55:22,2019-11-19 08:55:22,,2019-11-19 08:55:22
287,-,-,+,+,-,-,-,-,-,-,-,-,-,-,-,-,-,-,-,-,-,146572,50610,1,2019-11-19 09:55:22,2019-11-19 08:55:22,,2019-11-19 08:55:22
288,-,-,+,-,-,-,-,-,+,+,-,-,-,-,+,+,-,+,+,-,+,141568,44620,1,2019-11-19 09:55:22,2019-11-19 08:55:22,,2019-11-19 08:55:22
289,-,-,-,-,-,-,-,+,+,-,+,-,-,-,-,-,-,-,+,-,-,146590,50631,1,2019-11-19 09:55:22,2019-11-19 08:55:22,,2019-11-19 08:55:22
290,-,-,-,-,-,-,-,-,+,-,-,-,-,-,+,-,-,+,+,-,+,146600,50641,1,2019-11-19 09:55:22,2019-11-19 08:55:22,,2019-11-19 08:55:22
291,+,+,-,+,-,-,-,-,+,-,-,-,+,+,-,+,-,-,-,-,-,138272,50753,1,2019-11-19 09:55:22,2019-11-19 08:55:22,,2019-11-19 08:55:22
292,-,-,-,-,-,-,-,+,+,-,-,-,-,-,+,+,-,-,-,-,-,146801,50858,1,2019-11-19 09:55:22,2019-11-19 08:55:22,,2019-11-19 08:55:22
293,-,-,-,-,-,-,-,+,+,-,-,-,-,-,+,-,-,-,+,-,+,146856,50942,1,2019-11-19 09:55:22,2019-11-19 08:55:22,,2019-11-19 08:55:22
294,-,-,-,-,-,+,-,+,+,+,+,-,-,-,-,+,-,-,+,-,+,146885,50976,1,2019-11-19 09:55:22,2019-11-19 08:55:22,,2019-11-19 08:55:22
295,-,+,+,-,-,-,-,-,+,-,+,-,+,+,-,-,-,-,-,-,-,146942,51040,1,2019-11-19 09:55:22,2019-11-19 08:55:22,,2019-11-19 08:55:22
296,+,-,+,-,+,-,+,+,+,-,-,-,-,-,+,-,-,+,+,-,-,147109,51234,1,2019-11-19 09:55:22,2019-11-19 08:55:22,,2019-11-19 08:55:22
297,-,-,-,+,-,-,-,+,-,-,-,-,-,-,-,-,-,-,-,-,-,147218,51366,1,2019-11-19 09:55:22,2019-11-19 08:55:22,,2019-11-19 08:55:22
298,-,-,-,-,-,-,-,-,+,-,-,-,-,-,-,-,-,-,-,-,-,135484,51405,1,2019-11-19 09:55:22,2019-11-19 08:55:22,,2019-11-19 08:55:22
299,-,-,+,-,-,-,-,+,+,+,-,-,-,-,-,+,-,-,-,-,+,147340,51498,1,2019-11-19 09:55:22,2019-11-19 08:55:22,,2019-11-19 08:55:22
300,+,-,-,-,-,-,+,+,+,-,-,-,-,-,+,+,-,-,-,-,-,147411,51581,1,2019-11-19 09:55:22,2019-11-19 08:55:22,,2019-11-19 08:55:22
301,+,-,+,-,-,-,+,+,+,-,-,-,-,-,+,+,+,+,+,-,+,136105,51729,1,2019-11-19 09:55:22,2019-11-19 08:55:22,,2019-11-19 08:55:22
302,+,+,+,+,+,-,+,-,+,+,+,+,+,-,+,+,-,-,+,-,-,147578,51766,1,2019-11-19 09:55:22,2019-11-19 08:55:22,,2019-11-19 08:55:22
303,-,-,+,-,+,-,-,+,+,+,-,-,-,+,+,-,-,+,-,-,-,147996,52226,1,2019-11-19 09:55:22,2019-11-19 08:55:22,,2019-11-19 08:55:22
304,+,-,+,-,-,-,-,-,+,-,-,-,+,-,+,+,+,+,+,+,,148112,52357,1,2019-11-19 09:55:22,2019-11-19 08:55:22,,2019-11-19 08:55:22
305,+,-,+,-,-,-,-,-,+,-,-,+,-,-,+,-,+,+,+,+,-,148113,52358,1,2019-11-19 09:55:22,2019-11-19 08:55:22,,2019-11-19 08:55:22
306,-,-,-,-,-,-,-,+,+,-,-,-,-,-,+,+,-,-,+,-,+,148166,52414,1,2019-11-19 09:55:22,2019-11-19 08:55:22,,2019-11-19 08:55:22
307,-,-,-,+,-,-,-,+,+,-,-,-,-,-,-,-,-,-,-,-,+,148252,52519,1,2019-11-19 09:55:22,2019-11-19 08:55:22,,2019-11-19 08:55:22
308,+,-,+,+,-,-,+,-,+,+,+,+,+,-,+,+,-,-,+,-,-,5297,52567,1,2019-11-19 09:55:22,2019-11-19 08:55:22,,2019-11-19 08:55:22
309,+,+,+,+,-,-,+,-,+,+,+,+,+,-,+,+,-,-,+,-,,5297,52567,1,2019-11-19 09:55:22,2019-11-19 08:55:22,,2019-11-19 08:55:22
310,+,-,+,-,+,-,-,-,+,-,-,-,+,+,+,+,+,+,-,-,-,14735,52570,1,2019-11-19 09:55:22,2019-11-19 08:55:22,,2019-11-19 08:55:22
311,-,-,-,-,-,-,-,+,+,-,-,-,-,-,+,+,-,+,+,-,+,148330,52613,1,2019-11-19 09:55:22,2019-11-19 08:55:22,,2019-11-19 08:55:22
312,+,+,+,-,+,+,+,+,+,+,+,+,+,+,+,+,+,+,+,-,-,148331,52616,1,2019-11-19 09:55:22,2019-11-19 08:55:22,,2019-11-19 08:55:22
313,-,-,+,-,+,-,-,+,+,+,-,-,-,-,+,+,-,+,-,-,+,148357,52643,1,2019-11-19 09:55:22,2019-11-19 08:55:22,,2019-11-19 08:55:22
314,-,-,-,-,-,-,-,+,+,-,-,-,-,-,+,-,-,-,+,-,+,148358,52644,1,2019-11-19 09:55:22,2019-11-19 08:55:22,,2019-11-19 08:55:22
315,-,-,+,-,+,-,+,+,+,-,-,-,-,-,-,+,+,+,-,-,-,148443,52739,1,2019-11-19 09:55:22,2019-11-19 08:55:22,,2019-11-19 08:55:22
316,-,-,-,-,-,-,-,+,+,-,-,-,-,-,+,-,-,-,+,-,-,148465,52765,1,2019-11-19 09:55:22,2019-11-19 08:55:22,,2019-11-19 08:55:22
317,+,-,+,-,+,-,-,-,+,-,-,-,-,-,+,-,-,+,+,-,-,148546,52866,1,2019-11-19 09:55:22,2019-11-19 08:55:22,,2019-11-19 08:55:22
318,+,-,-,-,+,-,-,-,+,-,-,-,-,-,+,-,-,+,+,-,+,148567,52887,1,2019-11-19 09:55:22,2019-11-19 08:55:22,,2019-11-19 08:55:22
319,-,-,-,-,-,-,+,-,+,+,-,-,-,-,+,-,-,+,+,-,+,148670,52998,1,2019-11-19 09:55:22,2019-11-19 08:55:22,,2019-11-19 08:55:22
320,-,-,+,+,+,-,-,+,+,-,-,-,-,-,+,+,-,+,+,-,+,148672,53000,1,2019-11-19 09:55:22,2019-11-19 08:55:22,,2019-11-19 08:55:22
321,+,+,+,+,+,-,+,-,+,+,+,+,+,+,+,+,-,-,-,-,-,149063,53405,1,2019-11-19 09:55:22,2019-11-19 08:55:22,,2019-11-19 08:55:22
322,+,+,+,-,+,-,+,-,+,+,+,+,-,-,-,-,-,-,-,-,-,137682,53434,1,2019-11-19 09:55:22,2019-11-19 08:55:22,,2019-11-19 08:55:22
323,-,-,+,+,+,-,+,+,+,+,+,-,-,-,+,-,-,-,+,-,+,149239,53604,1,2019-11-19 09:55:22,2019-11-19 08:55:22,,2019-11-19 08:55:22
324,-,-,-,+,-,-,-,-,+,-,-,-,-,-,-,-,-,-,-,-,-,149482,53894,1,2019-11-19 09:55:22,2019-11-19 08:55:22,,2019-11-19 08:55:22
325,+,-,+,+,-,-,-,+,-,-,+,-,+,-,+,+,-,+,-,-,+,149502,53917,1,2019-11-19 09:55:22,2019-11-19 08:55:22,,2019-11-19 08:55:22
326,+,+,-,-,-,+,+,+,+,-,+,-,+,+,+,+,-,-,-,-,+,149503,53920,1,2019-11-19 09:55:22,2019-11-19 08:55:22,,2019-11-19 08:55:22
327,-,-,-,+,-,-,-,-,+,-,-,-,-,-,-,-,-,-,-,-,+,149563,53985,1,2019-11-19 09:55:22,2019-11-19 08:55:22,,2019-11-19 08:55:22
328,+,+,+,+,-,+,-,+,+,+,+,-,+,+,+,+,+,-,-,-,-,136389,53997,1,2019-11-19 09:55:22,2019-11-19 08:55:22,,2019-11-19 08:55:22
329,+,-,+,+,-,-,-,-,+,-,-,-,-,-,-,+,-,-,-,-,-,149661,54095,1,2019-11-19 09:55:22,2019-11-19 08:55:22,,2019-11-19 08:55:22
330,+,-,-,-,+,-,-,-,+,-,-,-,-,-,+,-,-,+,+,+,-,149694,54134,1,2019-11-19 09:55:22,2019-11-19 08:55:22,,2019-11-19 08:55:22
331,+,-,-,-,+,-,-,-,+,-,-,-,-,-,+,-,-,+,+,+,-,149695,54135,1,2019-11-19 09:55:22,2019-11-19 08:55:22,,2019-11-19 08:55:22
332,+,-,+,-,-,-,+,+,+,-,-,-,-,-,+,-,-,+,+,-,-,149863,54334,1,2019-11-19 09:55:22,2019-11-19 08:55:22,,2019-11-19 08:55:22
333,+,+,-,+,-,-,-,-,+,+,-,-,-,-,-,-,-,-,-,-,,138336,54402,1,2019-11-19 09:55:22,2019-11-19 08:55:22,,2019-11-19 08:55:22
334,+,-,+,+,+,-,+,-,+,+,+,+,+,-,+,+,-,+,-,-,-,149980,54466,1,2019-11-19 09:55:22,2019-11-19 08:55:22,,2019-11-19 08:55:22
335,-,-,+,-,-,+,-,+,+,-,-,-,-,-,-,-,-,-,+,+,,136500,54627,1,2019-11-19 09:55:22,2019-11-19 08:55:22,,2019-11-19 08:55:22
336,+,-,+,+,+,-,-,-,+,+,+,-,-,-,+,-,-,-,-,-,-,150272,54800,1,2019-11-19 09:55:22,2019-11-19 08:55:22,,2019-11-19 08:55:22
337,-,+,-,+,-,-,-,+,+,+,-,-,-,-,-,+,-,-,-,-,-,134554,54816,1,2019-11-19 09:55:22,2019-11-19 08:55:22,,2019-11-19 08:55:22
338,+,-,+,-,+,-,-,-,+,-,-,-,-,-,+,-,-,+,+,+,+,150405,54959,1,2019-11-19 09:55:22,2019-11-19 08:55:22,,2019-11-19 08:55:22
339,+,-,-,-,+,-,-,-,+,-,-,-,-,-,+,-,-,+,-,-,-,150453,55014,1,2019-11-19 09:55:22,2019-11-19 08:55:22,,2019-11-19 08:55:22
340,+,-,+,-,+,-,+,-,-,-,-,+,-,-,-,+,-,+,-,-,+,150462,55027,1,2019-11-19 09:55:22,2019-11-19 08:55:22,,2019-11-19 08:55:22
341,+,+,-,+,-,+,+,+,+,-,+,-,-,-,+,-,-,-,-,-,+,141249,44187,1,2019-11-19 09:55:22,2019-11-19 08:55:22,,2019-11-19 08:55:22
342,+,-,+,-,-,-,+,+,+,-,-,-,-,+,+,+,-,-,+,-,+,150511,55082,1,2019-11-19 09:55:22,2019-11-19 08:55:22,,2019-11-19 08:55:22
343,+,-,-,-,+,-,-,-,+,-,-,-,-,-,-,+,-,+,-,-,-,150530,55101,1,2019-11-19 09:55:22,2019-11-19 08:55:22,,2019-11-19 08:55:22
344,-,-,-,-,-,+,-,+,+,+,+,-,-,-,-,+,-,-,+,-,+,14800,44716,1,2019-11-19 09:55:22,2019-11-19 08:55:22,,2019-11-19 08:55:22
345,+,-,+,-,+,-,+,-,+,-,-,+,-,-,+,-,+,+,+,+,+,137714,44719,1,2019-11-19 09:55:22,2019-11-19 08:55:22,,2019-11-19 08:55:22
346,-,-,+,-,-,-,-,+,+,+,-,-,-,-,+,+,-,-,-,-,-,141638,44721,1,2019-11-19 09:55:22,2019-11-19 08:55:22,,2019-11-19 08:55:22
347,-,+,-,+,-,-,-,+,+,-,-,-,-,-,-,-,-,-,-,-,,150764,55372,1,2019-11-19 09:55:22,2019-11-19 08:55:22,,2019-11-19 08:55:22
348,-,+,-,-,-,+,-,+,+,-,-,-,-,-,-,-,-,-,+,-,,150886,55503,1,2019-11-19 09:55:22,2019-11-19 08:55:22,,2019-11-19 08:55:22
349,-,-,-,-,-,-,-,-,+,+,-,-,-,-,-,+,-,-,-,-,+,151051,55700,1,2019-11-19 09:55:22,2019-11-19 08:55:22,,2019-11-19 08:55:22
350,-,-,-,-,-,-,-,-,+,-,-,-,-,-,-,+,-,-,+,-,+,151052,55701,1,2019-11-19 09:55:22,2019-11-19 08:55:22,,2019-11-19 08:55:22
351,-,-,+,+,-,-,-,-,+,-,-,-,-,-,-,+,-,-,-,-,-,6386,55765,1,2019-11-19 09:55:22,2019-11-19 08:55:22,,2019-11-19 08:55:22
352,-,-,-,+,-,-,-,+,-,-,-,-,-,-,+,-,-,-,-,-,-,151115,55778,1,2019-11-19 09:55:22,2019-11-19 08:55:22,,2019-11-19 08:55:22
353,-,-,-,+,-,-,-,+,-,-,-,-,-,-,+,-,-,-,-,-,-,151133,55800,1,2019-11-19 09:55:22,2019-11-19 08:55:22,,2019-11-19 08:55:22
354,+,-,+,+,+,-,+,-,+,+,+,+,+,+,+,+,+,+,+,-,+,151140,55809,1,2019-11-19 09:55:22,2019-11-19 08:55:22,,2019-11-19 08:55:22
355,+,+,+,-,-,-,+,-,+,-,+,-,+,-,+,+,-,-,-,-,-,137324,65630,1,2019-11-19 09:55:22,2019-11-19 08:55:22,,2019-11-19 08:55:22
356,-,-,-,-,-,-,+,-,+,-,+,-,-,-,-,-,-,-,+,-,-,151372,56073,1,2019-11-19 09:55:22,2019-11-19 08:55:22,,2019-11-19 08:55:22
357,-,+,-,-,-,-,-,-,+,-,-,-,-,-,-,-,-,-,-,-,-,151387,56089,1,2019-11-19 09:55:22,2019-11-19 08:55:22,,2019-11-19 08:55:22
358,+,-,+,-,-,-,+,+,+,-,-,-,-,-,+,+,-,+,+,-,-,151388,56090,1,2019-11-19 09:55:22,2019-11-19 08:55:22,,2019-11-19 08:55:22
359,+,-,+,-,+,-,-,+,+,+,-,-,+,-,+,+,-,+,+,-,,151470,56172,1,2019-11-19 09:55:22,2019-11-19 08:55:22,,2019-11-19 08:55:22
360,+,+,+,+,-,-,+,+,+,-,+,-,+,-,-,-,-,-,-,-,-,151537,56240,1,2019-11-19 09:55:22,2019-11-19 08:55:22,,2019-11-19 08:55:22
361,+,+,+,+,-,+,-,+,+,-,-,-,-,-,-,+,-,-,-,-,+,151581,56288,1,2019-11-19 09:55:22,2019-11-19 08:55:22,,2019-11-19 08:55:22
362,+,-,+,-,-,-,+,+,+,-,-,-,-,-,+,-,-,+,+,-,-,151812,56565,1,2019-11-19 09:55:22,2019-11-19 08:55:22,,2019-11-19 08:55:22
363,-,-,+,-,-,-,-,+,+,-,-,-,-,-,+,+,-,+,+,-,,151857,56621,1,2019-11-19 09:55:22,2019-11-19 08:55:22,,2019-11-19 08:55:22
364,-,-,-,-,-,-,-,+,+,-,-,-,-,-,+,+,-,-,+,-,+,152000,56799,1,2019-11-19 09:55:22,2019-11-19 08:55:22,,2019-11-19 08:55:22
365,+,+,+,+,-,-,-,+,+,+,+,-,-,-,+,-,-,-,-,-,-,152071,56883,1,2019-11-19 09:55:22,2019-11-19 08:55:22,,2019-11-19 08:55:22
366,+,-,-,-,-,-,+,-,+,-,-,-,-,-,+,-,-,-,-,-,-,152074,56886,1,2019-11-19 09:55:22,2019-11-19 08:55:22,,2019-11-19 08:55:22
367,+,-,+,-,+,-,-,-,+,-,-,-,+,+,+,+,+,+,-,-,-,152112,56936,1,2019-11-19 09:55:22,2019-11-19 08:55:22,,2019-11-19 08:55:22
368,+,+,+,+,-,-,-,+,+,-,-,-,-,-,+,-,-,-,-,-,-,152120,56944,1,2019-11-19 09:55:22,2019-11-19 08:55:22,,2019-11-19 08:55:22
369,+,-,+,+,-,-,+,-,+,-,-,-,-,-,-,+,-,-,-,-,-,152121,56945,1,2019-11-19 09:55:22,2019-11-19 08:55:22,,2019-11-19 08:55:22
370,-,-,-,-,-,+,-,+,+,+,+,-,-,-,+,+,-,-,+,-,+,152148,56974,1,2019-11-19 09:55:22,2019-11-19 08:55:22,,2019-11-19 08:55:22
371,+,-,+,+,-,-,-,+,+,-,+,-,+,-,+,+,-,-,+,-,-,152150,56977,1,2019-11-19 09:55:22,2019-11-19 08:55:22,,2019-11-19 08:55:22
372,+,+,+,+,-,-,-,+,+,-,+,+,+,-,+,+,-,-,+,-,+,152151,56978,1,2019-11-19 09:55:22,2019-11-19 08:55:22,,2019-11-19 08:55:22
373,+,-,+,+,-,-,-,-,+,-,+,-,+,-,+,+,-,-,+,-,-,152152,56980,1,2019-11-19 09:55:22,2019-11-19 08:55:22,,2019-11-19 08:55:22
374,+,+,+,+,-,-,-,-,+,+,+,-,+,-,+,+,-,-,+,-,+,152153,56981,1,2019-11-19 09:55:22,2019-11-19 08:55:22,,2019-11-19 08:55:22
375,-,-,+,-,-,-,-,-,+,-,-,-,-,-,+,-,-,-,-,-,+,152175,57010,1,2019-11-19 09:55:22,2019-11-19 08:55:22,,2019-11-19 08:55:22
376,-,-,-,-,-,-,-,-,+,-,-,-,-,-,+,-,-,-,+,+,+,152176,57011,1,2019-11-19 09:55:22,2019-11-19 08:55:22,,2019-11-19 08:55:22
377,-,-,-,-,-,-,-,-,+,-,-,-,-,-,-,-,-,-,-,-,-,152210,57051,1,2019-11-19 09:55:22,2019-11-19 08:55:22,,2019-11-19 08:55:22
378,+,+,+,+,+,-,+,-,+,+,+,+,+,+,+,+,-,+,+,-,-,152212,57063,1,2019-11-19 09:55:22,2019-11-19 08:55:22,,2019-11-19 08:55:22
379,+,-,+,+,-,-,-,-,+,+,+,-,-,-,+,+,-,-,+,-,-,152259,57120,1,2019-11-19 09:55:22,2019-11-19 08:55:22,,2019-11-19 08:55:22
380,+,-,+,-,+,-,+,-,+,-,-,-,-,-,+,+,-,+,-,-,-,152267,57130,1,2019-11-19 09:55:22,2019-11-19 08:55:22,,2019-11-19 08:55:22
381,-,+,+,+,+,-,+,-,+,+,+,+,+,+,+,+,-,-,+,-,-,152318,57200,1,2019-11-19 09:55:22,2019-11-19 08:55:22,,2019-11-19 08:55:22
382,+,+,+,+,-,-,+,-,+,+,+,+,-,-,+,+,-,-,+,-,-,152320,57202,1,2019-11-19 09:55:22,2019-11-19 08:55:22,,2019-11-19 08:55:22
383,+,-,+,-,-,-,-,-,+,-,-,-,+,+,+,+,+,+,-,-,+,152357,57242,1,2019-11-19 09:55:22,2019-11-19 08:55:22,,2019-11-19 08:55:22
384,+,-,+,-,+,-,-,+,+,-,-,-,-,-,+,+,-,-,+,+,+,152359,57244,1,2019-11-19 09:55:22,2019-11-19 08:55:22,,2019-11-19 08:55:22
385,+,-,+,+,+,-,+,-,+,+,+,-,-,-,+,+,-,+,+,-,-,152368,57253,1,2019-11-19 09:55:22,2019-11-19 08:55:22,,2019-11-19 08:55:22
386,+,-,+,-,-,-,-,-,+,-,-,-,+,+,+,+,+,+,-,-,-,152380,57274,1,2019-11-19 09:55:22,2019-11-19 08:55:22,,2019-11-19 08:55:22
387,+,+,+,+,-,-,+,-,+,+,+,+,+,-,+,+,+,+,+,-,-,152401,57307,1,2019-11-19 09:55:22,2019-11-19 08:55:22,,2019-11-19 08:55:22
388,-,+,+,+,-,+,-,-,+,-,-,-,+,-,+,+,-,+,-,-,+,152599,57555,1,2019-11-19 09:55:22,2019-11-19 08:55:22,,2019-11-19 08:55:22
389,+,-,+,-,-,-,-,-,+,-,+,-,-,-,+,+,-,-,+,-,-,152621,57586,1,2019-11-19 09:55:22,2019-11-19 08:55:22,,2019-11-19 08:55:22
390,-,-,-,-,-,-,-,-,+,-,-,-,-,-,+,-,-,-,+,-,-,152644,57615,1,2019-11-19 09:55:22,2019-11-19 08:55:22,,2019-11-19 08:55:22
391,+,+,-,-,-,+,-,+,+,+,+,-,-,-,-,+,-,-,+,-,-,152650,57621,1,2019-11-19 09:55:22,2019-11-19 08:55:22,,2019-11-19 08:55:22
392,+,-,-,-,+,-,-,-,+,-,-,-,-,-,+,-,-,+,-,-,-,152752,57746,1,2019-11-19 09:55:22,2019-11-19 08:55:22,,2019-11-19 08:55:22
393,+,-,+,+,+,-,+,-,+,+,+,+,+,-,+,+,-,+,+,-,+,152783,57782,1,2019-11-19 09:55:22,2019-11-19 08:55:22,,2019-11-19 08:55:22
394,+,-,+,+,-,-,+,-,+,+,+,-,+,-,+,+,-,-,+,-,-,152790,57789,1,2019-11-19 09:55:22,2019-11-19 08:55:22,,2019-11-19 08:55:22
395,-,-,-,-,-,-,+,+,+,-,-,-,-,-,+,-,-,+,-,-,+,152841,57857,1,2019-11-19 09:55:22,2019-11-19 08:55:22,,2019-11-19 08:55:22
396,-,-,+,+,-,+,-,+,+,+,+,-,+,-,-,+,-,-,+,+,+,152843,57860,1,2019-11-19 09:55:22,2019-11-19 08:55:22,,2019-11-19 08:55:22
397,+,+,+,+,-,-,-,-,+,+,+,-,+,+,+,+,-,-,+,-,-,152849,57866,1,2019-11-19 09:55:22,2019-11-19 08:55:22,,2019-11-19 08:55:22
398,+,+,+,+,-,-,-,-,+,+,+,-,+,+,+,+,-,-,+,-,-,152850,57867,1,2019-11-19 09:55:22,2019-11-19 08:55:22,,2019-11-19 08:55:22
399,+,+,+,+,-,-,+,-,+,+,+,-,+,+,+,+,-,-,+,-,-,152851,57868,1,2019-11-19 09:55:22,2019-11-19 08:55:22,,2019-11-19 08:55:22
400,+,+,+,+,+,-,+,-,+,+,+,+,+,-,+,+,-,-,-,-,-,152852,57869,1,2019-11-19 09:55:22,2019-11-19 08:55:22,,2019-11-19 08:55:22
401,+,-,-,-,-,-,+,-,+,-,-,-,-,-,-,+,-,-,-,-,-,152869,57888,1,2019-11-19 09:55:22,2019-11-19 08:55:22,,2019-11-19 08:55:22
402,+,-,-,-,+,-,+,-,+,-,-,-,+,+,-,+,-,-,-,-,+,152870,57889,1,2019-11-19 09:55:22,2019-11-19 08:55:22,,2019-11-19 08:55:22
403,+,-,+,-,-,+,+,-,+,-,-,-,-,-,+,+,-,+,-,-,-,152871,57890,1,2019-11-19 09:55:22,2019-11-19 08:55:22,,2019-11-19 08:55:22
404,+,-,+,+,-,-,-,-,+,-,-,-,-,-,+,-,-,-,+,-,-,152879,57902,1,2019-11-19 09:55:22,2019-11-19 08:55:22,,2019-11-19 08:55:22
405,+,+,+,+,+,-,+,-,+,+,+,+,+,+,+,+,-,+,+,-,+,152885,57908,1,2019-11-19 09:55:22,2019-11-19 08:55:22,,2019-11-19 08:55:22
406,-,+,+,+,+,-,+,+,+,+,-,-,-,-,+,+,-,+,+,-,-,2250,58055,1,2019-11-19 09:55:22,2019-11-19 08:55:22,,2019-11-19 08:55:22
407,+,-,-,-,-,-,-,+,+,-,-,-,-,-,+,-,-,-,+,+,-,153101,58190,1,2019-11-19 09:55:22,2019-11-19 08:55:22,,2019-11-19 08:55:22
408,-,+,-,+,-,+,-,+,+,-,-,-,-,-,+,+,-,-,-,-,+,153167,58260,1,2019-11-19 09:55:22,2019-11-19 08:55:22,,2019-11-19 08:55:22
409,+,-,+,-,-,-,-,-,+,-,-,-,-,-,-,-,-,-,-,-,-,153244,58369,1,2019-11-19 09:55:22,2019-11-19 08:55:22,,2019-11-19 08:55:22
410,-,-,-,-,-,-,-,+,+,-,-,-,-,-,+,-,-,-,-,-,-,153258,58395,1,2019-11-19 09:55:22,2019-11-19 08:55:22,,2019-11-19 08:55:22
411,+,+,+,+,+,-,+,-,+,+,+,+,+,-,+,+,-,+,+,-,+,153335,58486,1,2019-11-19 09:55:22,2019-11-19 08:55:22,,2019-11-19 08:55:22
412,-,-,-,+,-,+,-,+,+,+,-,-,-,-,+,+,-,-,+,+,+,153336,58487,1,2019-11-19 09:55:22,2019-11-19 08:55:22,,2019-11-19 08:55:22
413,-,-,-,+,-,-,-,-,+,-,-,-,-,-,-,-,-,-,-,-,-,153348,58501,1,2019-11-19 09:55:22,2019-11-19 08:55:22,,2019-11-19 08:55:22
414,-,+,-,-,-,+,-,+,+,+,+,-,-,+,+,-,-,-,+,+,+,153349,58502,1,2019-11-19 09:55:22,2019-11-19 08:55:22,,2019-11-19 08:55:22
415,-,-,-,-,-,-,-,-,-,-,-,-,-,-,-,+,-,-,-,-,+,153369,58526,1,2019-11-19 09:55:22,2019-11-19 08:55:22,,2019-11-19 08:55:22
416,-,-,-,-,-,-,-,-,+,+,-,-,-,-,-,+,-,-,-,-,-,153414,58587,1,2019-11-19 09:55:22,2019-11-19 08:55:22,,2019-11-19 08:55:22
417,-,-,-,-,-,-,-,+,+,-,-,-,-,-,+,-,-,-,+,-,+,153473,58668,1,2019-11-19 09:55:22,2019-11-19 08:55:22,,2019-11-19 08:55:22
418,-,-,-,-,-,-,-,+,+,-,-,-,-,-,+,-,-,-,-,-,+,153534,58741,1,2019-11-19 09:55:22,2019-11-19 08:55:22,,2019-11-19 08:55:22
419,-,-,-,-,-,-,-,+,+,-,-,-,-,-,+,-,+,-,-,-,+,153756,59028,1,2019-11-19 09:55:22,2019-11-19 08:55:22,,2019-11-19 08:55:22
420,-,-,-,-,-,-,-,+,+,-,-,-,-,-,+,+,-,-,+,-,-,153757,59029,1,2019-11-19 09:55:22,2019-11-19 08:55:22,,2019-11-19 08:55:22
421,-,-,-,-,-,-,-,+,+,-,-,-,-,-,+,-,-,-,-,-,+,153774,59054,1,2019-11-19 09:55:22,2019-11-19 08:55:22,,2019-11-19 08:55:22
422,+,+,+,+,-,-,-,-,+,-,+,+,+,+,+,+,-,+,-,-,+,153901,59249,1,2019-11-19 09:55:22,2019-11-19 08:55:22,,2019-11-19 08:55:22
423,+,+,+,+,-,-,+,+,+,-,-,-,+,-,+,+,-,-,-,-,+,153922,59272,1,2019-11-19 09:55:22,2019-11-19 08:55:22,,2019-11-19 08:55:22
424,+,-,+,+,-,-,+,-,+,+,+,-,-,-,+,+,-,-,+,-,-,153938,59288,1,2019-11-19 09:55:22,2019-11-19 08:55:22,,2019-11-19 08:55:22
425,-,-,-,-,+,-,-,+,+,+,-,-,-,-,+,+,-,+,+,-,-,154062,59459,1,2019-11-19 09:55:22,2019-11-19 08:55:22,,2019-11-19 08:55:22
426,-,-,-,-,-,-,-,+,+,-,-,-,-,+,+,+,-,+,+,-,-,154097,59521,1,2019-11-19 09:55:22,2019-11-19 08:55:22,,2019-11-19 08:55:22
427,-,+,+,-,+,-,+,-,+,-,-,+,-,-,+,-,-,+,+,-,-,154127,59565,1,2019-11-19 09:55:22,2019-11-19 08:55:22,,2019-11-19 08:55:22
428,-,-,-,-,-,-,-,-,-,-,-,-,-,-,-,+,-,-,-,-,-,154280,59747,1,2019-11-19 09:55:22,2019-11-19 08:55:22,,2019-11-19 08:55:22
429,-,-,-,-,-,-,-,-,-,-,-,-,-,-,-,+,-,-,-,-,-,154281,59748,1,2019-11-19 09:55:22,2019-11-19 08:55:22,,2019-11-19 08:55:22
430,-,+,+,-,+,+,+,+,+,-,-,-,-,-,+,+,-,+,+,-,-,154287,59757,1,2019-11-19 09:55:22,2019-11-19 08:55:22,,2019-11-19 08:55:22
431,-,+,-,+,-,-,-,-,-,-,-,+,+,-,-,+,-,-,-,-,+,154317,59790,1,2019-11-19 09:55:22,2019-11-19 08:55:22,,2019-11-19 08:55:22
432,-,-,-,-,-,-,-,-,-,+,-,-,-,-,-,-,-,-,-,-,-,154339,59816,1,2019-11-19 09:55:22,2019-11-19 08:55:22,,2019-11-19 08:55:22
433,-,-,-,-,-,-,-,-,-,-,-,-,-,-,-,-,-,-,-,-,-,154340,59817,1,2019-11-19 09:55:22,2019-11-19 08:55:22,,2019-11-19 08:55:22
434,-,+,-,+,-,+,-,+,+,-,-,-,-,-,-,-,-,-,-,-,-,154487,60020,1,2019-11-19 09:55:22,2019-11-19 08:55:22,,2019-11-19 08:55:22
435,+,-,+,+,-,-,+,-,+,+,+,+,+,-,+,+,-,+,+,-,-,154499,60080,1,2019-11-19 09:55:22,2019-11-19 08:55:22,,2019-11-19 08:55:22
436,-,-,-,-,-,-,-,+,+,-,-,-,-,-,+,-,-,+,+,-,+,154595,60207,1,2019-11-19 09:55:22,2019-11-19 08:55:22,,2019-11-19 08:55:22
437,-,-,+,-,-,-,-,-,+,-,-,-,+,+,+,+,+,-,+,-,+,154619,60253,1,2019-11-19 09:55:22,2019-11-19 08:55:22,,2019-11-19 08:55:22
438,-,-,+,+,-,-,-,-,-,-,-,+,+,-,-,+,-,-,-,-,-,154634,60284,1,2019-11-19 09:55:22,2019-11-19 08:55:22,,2019-11-19 08:55:22
439,-,+,-,+,-,-,-,-,-,-,-,-,+,+,-,-,-,-,+,-,+,154670,60333,1,2019-11-19 09:55:22,2019-11-19 08:55:22,,2019-11-19 08:55:22
440,-,-,-,-,-,-,-,-,+,-,-,-,-,+,+,+,-,-,-,-,+,154706,60375,1,2019-11-19 09:55:22,2019-11-19 08:55:22,,2019-11-19 08:55:22
441,-,-,+,+,-,+,-,-,+,-,-,-,-,+,+,-,+,+,+,-,+,154707,60376,1,2019-11-19 09:55:22,2019-11-19 08:55:22,,2019-11-19 08:55:22
442,+,-,+,-,+,+,+,-,+,+,+,-,-,-,+,-,-,-,-,-,-,154713,60384,1,2019-11-19 09:55:22,2019-11-19 08:55:22,,2019-11-19 08:55:22
443,-,+,-,-,-,+,-,+,-,-,-,-,-,-,-,-,-,-,-,-,-,154722,60419,1,2019-11-19 09:55:22,2019-11-19 08:55:22,,2019-11-19 08:55:22
444,-,-,+,-,-,-,+,-,+,-,-,-,-,-,-,-,-,-,-,-,+,154739,60436,1,2019-11-19 09:55:22,2019-11-19 08:55:22,,2019-11-19 08:55:22
445,-,-,+,-,-,-,-,-,+,-,-,-,-,-,+,+,+,+,+,-,+,154743,60444,1,2019-11-19 09:55:22,2019-11-19 08:55:22,,2019-11-19 08:55:22
446,-,-,-,-,-,-,-,+,+,-,+,-,-,-,+,-,-,-,+,-,+,154744,60445,1,2019-11-19 09:55:22,2019-11-19 08:55:22,,2019-11-19 08:55:22
447,-,+,-,-,-,-,-,+,+,-,-,-,-,-,+,-,-,+,-,-,+,154745,60446,1,2019-11-19 09:55:22,2019-11-19 08:55:22,,2019-11-19 08:55:22
448,-,-,-,-,-,-,-,+,+,-,-,-,-,-,+,-,-,-,+,-,+,154746,60447,1,2019-11-19 09:55:22,2019-11-19 08:55:22,,2019-11-19 08:55:22
449,-,-,+,-,-,-,-,-,+,-,+,-,-,-,+,-,-,-,+,-,+,154747,60448,1,2019-11-19 09:55:22,2019-11-19 08:55:22,,2019-11-19 08:55:22
450,-,-,-,-,-,-,-,-,+,-,+,-,-,-,+,-,-,-,+,-,+,154748,60449,1,2019-11-19 09:55:22,2019-11-19 08:55:22,,2019-11-19 08:55:22
451,-,-,-,-,-,-,-,+,+,-,-,-,-,-,+,-,-,-,-,-,+,154749,60450,1,2019-11-19 09:55:22,2019-11-19 08:55:22,,2019-11-19 08:55:22
452,-,-,-,-,+,-,-,-,+,-,-,-,-,-,+,-,-,+,+,-,+,154750,60451,1,2019-11-19 09:55:22,2019-11-19 08:55:22,,2019-11-19 08:55:22
453,-,-,-,-,+,-,-,-,+,-,+,-,-,-,+,-,-,+,+,-,+,154751,60452,1,2019-11-19 09:55:22,2019-11-19 08:55:22,,2019-11-19 08:55:22
454,-,-,-,-,-,-,-,+,+,-,-,-,-,-,+,-,-,-,-,-,+,154752,60453,1,2019-11-19 09:55:22,2019-11-19 08:55:22,,2019-11-19 08:55:22
455,-,-,-,-,-,-,-,+,+,-,-,-,-,-,-,-,-,+,-,-,+,154753,60454,1,2019-11-19 09:55:22,2019-11-19 08:55:22,,2019-11-19 08:55:22
456,-,-,-,-,-,-,-,+,+,-,-,-,-,-,+,-,-,+,+,-,+,154754,60455,1,2019-11-19 09:55:22,2019-11-19 08:55:22,,2019-11-19 08:55:22
457,-,+,-,-,+,-,-,+,+,-,-,-,-,-,+,+,-,+,-,-,+,154755,60456,1,2019-11-19 09:55:22,2019-11-19 08:55:22,,2019-11-19 08:55:22
458,-,-,-,-,+,-,-,+,+,-,-,-,-,-,+,-,-,+,+,-,+,154756,60457,1,2019-11-19 09:55:22,2019-11-19 08:55:22,,2019-11-19 08:55:22
459,-,-,-,-,-,-,-,+,+,-,-,-,-,-,+,-,-,+,-,-,+,154757,60458,1,2019-11-19 09:55:22,2019-11-19 08:55:22,,2019-11-19 08:55:22
460,-,-,+,-,-,-,-,-,+,-,-,-,-,-,+,+,+,+,+,-,+,154763,60465,1,2019-11-19 09:55:22,2019-11-19 08:55:22,,2019-11-19 08:55:22
461,+,-,+,-,-,-,-,+,+,+,-,-,-,-,-,+,-,-,-,-,+,154792,60498,1,2019-11-19 09:55:22,2019-11-19 08:55:22,,2019-11-19 08:55:22
462,-,-,-,-,-,-,-,-,+,-,-,-,-,-,+,-,-,-,+,-,+,154835,60553,1,2019-11-19 09:55:22,2019-11-19 08:55:22,,2019-11-19 08:55:22
463,+,-,+,+,-,-,-,-,+,-,-,-,-,-,-,+,-,-,-,-,-,154842,60560,1,2019-11-19 09:55:22,2019-11-19 08:55:22,,2019-11-19 08:55:22
464,-,-,-,-,-,-,-,+,+,-,-,-,-,-,+,+,-,+,+,-,+,154886,60638,1,2019-11-19 09:55:22,2019-11-19 08:55:22,,2019-11-19 08:55:22
465,-,-,-,-,-,-,-,-,+,-,-,-,-,-,+,-,+,+,+,-,+,154902,60675,1,2019-11-19 09:55:22,2019-11-19 08:55:22,,2019-11-19 08:55:22
466,+,-,+,+,-,-,-,-,-,-,+,-,-,-,-,+,+,-,-,-,-,154994,60819,1,2019-11-19 09:55:22,2019-11-19 08:55:22,,2019-11-19 08:55:22
467,+,-,+,+,-,-,-,-,+,+,+,-,-,-,+,+,-,-,+,-,+,155034,60884,1,2019-11-19 09:55:22,2019-11-19 08:55:22,,2019-11-19 08:55:22
468,+,+,+,+,+,-,+,-,+,+,+,+,+,-,+,+,-,-,+,-,+,155048,60899,1,2019-11-19 09:55:22,2019-11-19 08:55:22,,2019-11-19 08:55:22
469,-,-,-,+,-,-,-,+,+,-,-,-,-,-,-,-,-,-,-,-,-,155098,60973,1,2019-11-19 09:55:22,2019-11-19 08:55:22,,2019-11-19 08:55:22
470,+,-,+,-,-,-,-,+,+,-,-,-,+,+,+,+,+,-,-,-,-,155133,61017,1,2019-11-19 09:55:22,2019-11-19 08:55:22,,2019-11-19 08:55:22
471,+,+,+,-,+,-,-,-,+,-,-,-,+,+,+,+,+,+,-,-,-,155134,61018,1,2019-11-19 09:55:22,2019-11-19 08:55:22,,2019-11-19 08:55:22
472,-,+,-,-,-,-,-,-,+,-,-,-,-,-,-,-,-,-,+,-,-,155306,61268,1,2019-11-19 09:55:22,2019-11-19 08:55:22,,2019-11-19 08:55:22
473,-,-,-,-,-,-,-,+,+,-,-,-,-,-,+,+,-,+,+,-,+,155391,61376,1,2019-11-19 09:55:22,2019-11-19 08:55:22,,2019-11-19 08:55:22
474,+,-,+,-,-,-,-,+,-,+,+,-,-,-,-,-,-,-,-,-,+,155557,61609,1,2019-11-19 09:55:22,2019-11-19 08:55:22,,2019-11-19 08:55:22
475,+,-,+,-,-,-,-,+,+,-,-,-,+,-,-,+,-,-,-,-,-,14846,61747,1,2019-11-19 09:55:22,2019-11-19 08:55:22,,2019-11-19 08:55:22
476,-,-,-,-,-,-,-,+,+,-,-,-,-,-,+,-,-,-,+,-,+,156043,62231,1,2019-11-19 09:55:22,2019-11-19 08:55:22,,2019-11-19 08:55:22
477,+,-,+,-,+,-,+,-,+,-,-,-,-,-,-,+,-,+,-,-,-,156232,62449,1,2019-11-19 09:55:22,2019-11-19 08:55:22,,2019-11-19 08:55:22
478,-,-,-,-,-,-,-,-,+,-,-,-,-,-,+,-,-,+,+,-,+,156293,62532,1,2019-11-19 09:55:22,2019-11-19 08:55:22,,2019-11-19 08:55:22
479,-,+,+,-,-,-,-,-,+,+,-,-,-,-,+,-,-,-,+,-,+,156421,62685,1,2019-11-19 09:55:22,2019-11-19 08:55:22,,2019-11-19 08:55:22
480,+,+,+,+,-,+,+,-,+,-,-,-,-,-,-,+,-,-,-,-,-,156681,63079,1,2019-11-19 09:55:22,2019-11-19 08:55:22,,2019-11-19 08:55:22
481,-,+,+,+,-,+,+,-,-,-,+,-,+,-,+,+,-,+,+,+,+,156777,63191,1,2019-11-19 09:55:22,2019-11-19 08:55:22,,2019-11-19 08:55:22
482,-,+,+,+,-,-,+,+,+,+,+,-,+,-,+,+,-,-,+,+,-,23300,63338,1,2019-11-19 09:55:22,2019-11-19 08:55:22,,2019-11-19 08:55:22
483,-,-,-,-,-,-,-,-,+,-,+,-,-,-,+,-,-,-,+,-,+,157053,63553,1,2019-11-19 09:55:22,2019-11-19 08:55:22,,2019-11-19 08:55:22
484,-,-,-,-,-,+,-,+,+,+,+,-,-,-,-,+,-,-,+,-,+,141870,45056,1,2019-11-19 09:55:22,2019-11-19 08:55:22,,2019-11-19 08:55:22
