ID_kit_api_STA,cupule_1,cupule_2,cupule_3,cupule_4,cupule_5,cupule_6,cupule_7,cupule_8,cupule_9,cupule_10,cupule_11,cupule_12,cupule_13,cupule_14,cupule_15,cupule_16,cupule_17,cupule_18,cupule_19,cupule_20,cupule_21,ID_strains,ID_reference,manual_annotation,created_STA,modify_in_pgsql_STA,ID_tbl_api_STA,last_change
225,-,+,+,+,+,+,+,+,-,-,+,+,+,-,-,+,-,+,+,+,,130707,21819,1,2014-02-05 00:00:00,2016-01-18 08:02:53,2.0,2019-11-20 06:22:52
224,-,+,+,+,+,+,-,-,-,-,+,+,+,-,-,+,-,+/-,+,+,,14529,8450,1,2014-09-19 00:00:00,2016-01-18 08:02:53,1.0,2019-11-20 06:22:52
9,,-,+,+,+,+,+,+,+,-,-,+,+,+,-,-,+,-,+,+,+,14447,45334,1,2019-11-19 10:25:52,2019-11-19 09:25:52,,2019-11-19 09:25:52
10,,-,+,+,+,+,+,-,-,-,-,+,+,+,-,-,+,-,+,+,+,141343,44313,1,2019-11-19 10:25:52,2019-11-19 09:25:52,,2019-11-19 09:25:52
11,,-,+,+,+,+,+,+,+,-,-,-,-,+,-,-,+,+,+,-,-,141213,44138,1,2019-11-19 10:25:52,2019-11-19 09:25:52,,2019-11-19 09:25:52
12,,-,+,+,+,+,+,-,-,-,-,+,+,-,-,-,+,-,-,+,+,14522,47537,1,2019-11-19 10:25:52,2019-11-19 09:25:52,,2019-11-19 09:25:52
13,,-,+,+,-,+,+,+,+,-,-,+,+,+,-,-,+,-,+,+,-,144297,47951,1,2019-11-19 10:25:52,2019-11-19 09:25:52,,2019-11-19 09:25:52
14,,-,+,+,+,-,-,+,-,-,-,+,+,+,-,-,-,-,+,+,-,144498,48179,1,2019-11-19 10:25:52,2019-11-19 09:25:52,,2019-11-19 09:25:52
15,,-,+,+,+,+,+,+,+,-,-,+,+,+,-,-,+,-,+,+,-,14468,48295,1,2019-11-19 10:25:52,2019-11-19 09:25:52,,2019-11-19 09:25:52
16,,-,+,+,+,+,-,+,-,-,-,+,-,+,-,-,+,-,-,-,-,145026,48786,1,2019-11-19 10:25:52,2019-11-19 09:25:52,,2019-11-19 09:25:52
17,,-,+,+,+,+,-,+,-,-,-,+,-,+,-,-,+,-,-,-,-,145121,48899,1,2019-11-19 10:25:52,2019-11-19 09:25:52,,2019-11-19 09:25:52
18,,-,+,+,+,+,+,-,+,-,-,+,+,-,-,+,+,-,+,-,+,145546,49394,1,2019-11-19 10:25:52,2019-11-19 09:25:52,,2019-11-19 09:25:52
19,,-,+,+,-,+,-,+,-,-,-,+,+,-,-,-,-,-,-,-,-,145547,49395,1,2019-11-19 10:25:52,2019-11-19 09:25:52,,2019-11-19 09:25:52
20,,-,+,+,+,+,+,+,+,-,+,+,+,+,+,+,+,-,+,-,+,134521,49396,1,2019-11-19 10:25:52,2019-11-19 09:25:52,,2019-11-19 09:25:52
21,,-,+,+,+,+,+,-,+,-,-,+,+,+,-,-,+,-,-,+,-,145549,49398,1,2019-11-19 10:25:52,2019-11-19 09:25:52,,2019-11-19 09:25:52
22,,-,+,+,+,+,-,+,-,-,-,+,+,+,-,-,-,-,-,+,+,145550,49399,1,2019-11-19 10:25:52,2019-11-19 09:25:52,,2019-11-19 09:25:52
23,,-,+,+,+,-,-,-,-,-,-,+,-,+,-,-,-,-,-,-,-,145567,49418,1,2019-11-19 10:25:52,2019-11-19 09:25:52,,2019-11-19 09:25:52
24,,-,+,+,+,-,+,+,+,-,-,-,+,-,-,+,+,-,+,+,+,145597,49456,1,2019-11-19 10:25:52,2019-11-19 09:25:52,,2019-11-19 09:25:52
25,,-,+,+,-,-,-,-,-,-,-,+,-,+,-,-,-,-,-,-,-,145966,49864,1,2019-11-19 10:25:52,2019-11-19 09:25:52,,2019-11-19 09:25:52
26,,-,+,+,+,+,-,+,-,-,-,+,-,-,-,-,+,+,-,-,-,146267,50255,1,2019-11-19 10:25:52,2019-11-19 09:25:52,,2019-11-19 09:25:52
27,,-,+,+,+,+,+,+,-,+,-,+,-,+,-,+,+,-,+,-,+,146726,50778,1,2019-11-19 10:25:52,2019-11-19 09:25:52,,2019-11-19 09:25:52
28,,-,+,+,+,-,+,+,+,-,-,+,+,+,-,-,+,-,+,+,-,146913,51011,1,2019-11-19 10:25:52,2019-11-19 09:25:52,,2019-11-19 09:25:52
29,,-,+,+,+,+,+,+,-,-,-,+,+,-,-,-,+,-,+,+,+,147131,51256,1,2019-11-19 10:25:52,2019-11-19 09:25:52,,2019-11-19 09:25:52
30,,-,+,+,+,+,+,+,-,-,-,+,+,-,-,-,+,-,+,+,+,147170,51299,1,2019-11-19 10:25:52,2019-11-19 09:25:52,,2019-11-19 09:25:52
31,,-,+,+,+,+,-,+,-,-,-,+,+,+,-,-,+,-,+,+,-,147171,51300,1,2019-11-19 10:25:52,2019-11-19 09:25:52,,2019-11-19 09:25:52
32,,-,-,-,-,-,-,-,-,-,-,-,-,-,-,-,-,-,-,-,-,3928,51333,1,2019-11-19 10:25:52,2019-11-19 09:25:52,,2019-11-19 09:25:52
33,,-,-,-,-,-,-,-,-,-,-,-,+,-,-,-,-,-,-,-,-,3927,51334,1,2019-11-19 10:25:52,2019-11-19 09:25:52,,2019-11-19 09:25:52
34,,-,+,+,-,+,+,+,+,+,-,-,-,+,-,-,+,-,+,-,+,147284,51437,1,2019-11-19 10:25:52,2019-11-19 09:25:52,,2019-11-19 09:25:52
35,,-,+,+,+,+,-,+,-,-,-,+,-,+,-,-,+,-,-,-,-,147410,51580,1,2019-11-19 10:25:52,2019-11-19 09:25:52,,2019-11-19 09:25:52
36,,-,+,+,+,+,+,+,+,-,-,-,+,+,-,-,+,-,-,-,-,147459,51632,1,2019-11-19 10:25:52,2019-11-19 09:25:52,,2019-11-19 09:25:52
37,,-,+,+,+,-,-,+,+,-,-,+,+,+,-,-,+,-,-,-,-,147644,51842,1,2019-11-19 10:25:52,2019-11-19 09:25:52,,2019-11-19 09:25:52
38,,-,+,+,+,-,-,+,+,-,-,+,+,+,-,-,+,-,-,-,-,14659,51843,1,2019-11-19 10:25:52,2019-11-19 09:25:52,,2019-11-19 09:25:52
39,,-,+,+,-,+,-,+,-,-,+,+,-,+,-,-,+,+,+,+,-,147676,51876,1,2019-11-19 10:25:52,2019-11-19 09:25:52,,2019-11-19 09:25:52
40,,-,+,+,+,+,-,+,-,-,-,+,-,+,-,-,+,-,-,-,-,147679,51880,1,2019-11-19 10:25:52,2019-11-19 09:25:52,,2019-11-19 09:25:52
41,,-,+,+,-,+,+,+,+,+,-,-,+,+,-,-,+,-,+,-,+,147999,52232,1,2019-11-19 10:25:52,2019-11-19 09:25:52,,2019-11-19 09:25:52
42,,-,+,+,+,+,-,+,+,-,-,-,+,+,-,-,-,-,-,-,-,14520,52550,1,2019-11-19 10:25:52,2019-11-19 09:25:52,,2019-11-19 09:25:52
43,,-,+,+,+,-,-,-,-,-,-,+,-,+,-,-,-,-,-,+,-,14504,52568,1,2019-11-19 10:25:52,2019-11-19 09:25:52,,2019-11-19 09:25:52
44,,-,+,+,+,+,+,+,-,-,-,+,+,+,-,+,+,-,+,-,+,14598,52571,1,2019-11-19 10:25:52,2019-11-19 09:25:52,,2019-11-19 09:25:52
45,,-,+,+,-,+,-,-,-,-,-,+,+,+,-,-,+,-,-,-,+,148342,52628,1,2019-11-19 10:25:52,2019-11-19 09:25:52,,2019-11-19 09:25:52
46,,-,+,+,-,+,-,+,-,-,-,-,+,+,-,-,-,-,-,-,-,14418,52714,1,2019-11-19 10:25:52,2019-11-19 09:25:52,,2019-11-19 09:25:52
47,,-,+,+,+,+,+,+,+,-,-,+,+,+,-,-,+,-,+,+,+,148511,52826,1,2019-11-19 10:25:52,2019-11-19 09:25:52,,2019-11-19 09:25:52
48,,-,+,+,+,+,+,+,-,-,-,+,+,+,-,-,+,-,+,-,-,148756,53084,1,2019-11-19 10:25:52,2019-11-19 09:25:52,,2019-11-19 09:25:52
49,,-,+,+,+,+,-,+,-,-,-,+,+,+,-,-,+,-,+,+,+,148960,53294,1,2019-11-19 10:25:52,2019-11-19 09:25:52,,2019-11-19 09:25:52
50,,-,+,+,-,+,-,-,-,-,-,+,+,-,-,-,+,-,-,-,-,148965,53299,1,2019-11-19 10:25:52,2019-11-19 09:25:52,,2019-11-19 09:25:52
51,,-,+,+,-,+,+,+,-,-,-,+,+,+,-,-,+,-,-,-,+,148996,53333,1,2019-11-19 10:25:52,2019-11-19 09:25:52,,2019-11-19 09:25:52
52,,-,-,-,-,-,-,-,-,-,-,+,-,+,-,-,-,-,-,-,+,149119,53470,1,2019-11-19 10:25:52,2019-11-19 09:25:52,,2019-11-19 09:25:52
53,,-,+,+,-,-,-,+,-,-,-,+,+,+,-,+,+,-,+,-,-,149161,53518,1,2019-11-19 10:25:52,2019-11-19 09:25:52,,2019-11-19 09:25:52
54,,-,+,+,+,-,+,+,+,-,-,+,+,+,-,-,+,-,+,+,+,14576,44678,1,2019-11-19 10:25:52,2019-11-19 09:25:52,,2019-11-19 09:25:52
55,,-,+,+,+,+,+,-,-,-,-,+,+,+,-,-,+,-,-,+,+,141614,44679,1,2019-11-19 10:25:52,2019-11-19 09:25:52,,2019-11-19 09:25:52
56,,-,+,-,-,-,-,-,-,-,-,-,-,-,-,-,+,-,-,-,-,149193,53552,1,2019-11-19 10:25:52,2019-11-19 09:25:52,,2019-11-19 09:25:52
57,,-,+,+,+,-,+,-,-,-,-,+,+,+,-,-,+,-,+,+,+,149194,53554,1,2019-11-19 10:25:52,2019-11-19 09:25:52,,2019-11-19 09:25:52
58,,-,+,+,+,-,+,-,-,-,-,+,-,-,-,-,-,-,-,-,-,149539,53960,1,2019-11-19 10:25:52,2019-11-19 09:25:52,,2019-11-19 09:25:52
59,,-,+,+,-,+,+,+,+,-,-,+,+,+,-,-,+,-,+,+,-,149596,54029,1,2019-11-19 10:25:52,2019-11-19 09:25:52,,2019-11-19 09:25:52
60,,-,+,+,+,+,-,+,-,-,-,+,-,+,-,-,+,-,-,-,-,149661,54095,1,2019-11-19 10:25:52,2019-11-19 09:25:52,,2019-11-19 09:25:52
61,,-,+,+,+,+,-,+,-,-,-,+,-,+,-,-,+,-,-,-,-,149665,54099,1,2019-11-19 10:25:52,2019-11-19 09:25:52,,2019-11-19 09:25:52
62,,-,+,+,+,-,+,+,-,-,+,+,+,+,-,-,-,-,-,+,+,149748,54192,1,2019-11-19 10:25:52,2019-11-19 09:25:52,,2019-11-19 09:25:52
63,,-,+,+,-,+,+,+,+,-,-,+,-,+,-,-,+,-,+,+,-,149760,54204,1,2019-11-19 10:25:52,2019-11-19 09:25:52,,2019-11-19 09:25:52
64,,-,+,+,-,-,-,+,+,-,-,-,+,-,-,-,-,-,-,-,-,138232,54215,1,2019-11-19 10:25:52,2019-11-19 09:25:52,,2019-11-19 09:25:52
65,,-,+,-,-,-,-,-,-,-,-,-,-,-,-,-,-,-,-,-,,14422,54217,1,2019-11-19 10:25:52,2019-11-19 09:25:52,,2019-11-19 09:25:52
66,,-,+,+,-,+,-,-,+,-,-,-,+,+,-,-,+,-,-,-,-,149771,54218,1,2019-11-19 10:25:52,2019-11-19 09:25:52,,2019-11-19 09:25:52
67,,-,+,+,-,-,-,-,-,-,-,-,+,-,-,-,-,-,-,-,+,149773,54221,1,2019-11-19 10:25:52,2019-11-19 09:25:52,,2019-11-19 09:25:52
68,,-,+,+,+,+,-,-,-,-,-,+,-,+,-,-,+,-,-,+,-,149829,54286,1,2019-11-19 10:25:52,2019-11-19 09:25:52,,2019-11-19 09:25:52
69,,-,+,+,+,+,+,+,+,-,-,-,+,+,-,-,-,-,+,-,+,150008,54499,1,2019-11-19 10:25:52,2019-11-19 09:25:52,,2019-11-19 09:25:52
70,,-,+,+,+,+,+,-,-,-,-,-,-,+,-,-,+,-,-,+,-,150092,54595,1,2019-11-19 10:25:52,2019-11-19 09:25:52,,2019-11-19 09:25:52
71,,-,+,+,+,+,+,+,+,-,-,-,+,+,-,-,+,-,+,-,+,150096,54599,1,2019-11-19 10:25:52,2019-11-19 09:25:52,,2019-11-19 09:25:52
72,,-,+,+,+,+,+,+,-,-,-,+,+,+,-,-,+,-,+,+,+,150209,54727,1,2019-11-19 10:25:52,2019-11-19 09:25:52,,2019-11-19 09:25:52
73,,-,+,+,+,-,-,-,-,-,-,+,+,+,-,-,+,-,-,+,-,150268,54796,1,2019-11-19 10:25:52,2019-11-19 09:25:52,,2019-11-19 09:25:52
74,,-,+,-,-,+,-,+,+,-,-,+,-,+,-,-,+,-,-,+,-,150430,54987,1,2019-11-19 10:25:52,2019-11-19 09:25:52,,2019-11-19 09:25:52
75,,-,+,+,+,+,+,+,+,-,-,+,+,+,-,-,+,+,+,+,+,141634,44712,1,2019-11-19 10:25:52,2019-11-19 09:25:52,,2019-11-19 09:25:52
76,,-,+,+,+,-,-,+,+,-,-,-,-,+,-,+,+,-,-,-,-,150590,55175,1,2019-11-19 10:25:52,2019-11-19 09:25:52,,2019-11-19 09:25:52
77,,-,+,+,+,-,-,-,-,-,-,+,+,+,-,-,-,-,+,-,-,150706,55303,1,2019-11-19 10:25:52,2019-11-19 09:25:52,,2019-11-19 09:25:52
78,,-,+,+,+,-,-,-,-,-,-,+,-,+,-,-,-,-,+,-,-,150715,55312,1,2019-11-19 10:25:52,2019-11-19 09:25:52,,2019-11-19 09:25:52
79,,-,-,-,-,-,-,-,-,-,-,-,+,+,-,-,-,-,-,-,-,150840,55456,1,2019-11-19 10:25:52,2019-11-19 09:25:52,,2019-11-19 09:25:52
80,,-,+,+,-,+,-,+,+,-,-,+,+,+,-,-,+,-,+,+,+,150848,55464,1,2019-11-19 10:25:52,2019-11-19 09:25:52,,2019-11-19 09:25:52
81,,-,+,+,-,+,+,+,-,-,-,+,+,+,-,-,+,-,-,+,+,150872,55489,1,2019-11-19 10:25:52,2019-11-19 09:25:52,,2019-11-19 09:25:52
82,,-,+,+,+,+,+,+,+,-,-,-,-,-,-,+,+,+,+,-,-,221,44731,1,2019-11-19 10:25:52,2019-11-19 09:25:52,,2019-11-19 09:25:52
83,,-,+,+,+,-,+,+,+,+,-,+,+,+,-,+,+,-,+,-,+,141644,44734,1,2019-11-19 10:25:52,2019-11-19 09:25:52,,2019-11-19 09:25:52
84,,-,+,+,+,+,+,+,+,+,+,+,-,+,-,+,+,-,+,-,+,151152,55821,1,2019-11-19 10:25:52,2019-11-19 09:25:52,,2019-11-19 09:25:52
85,,-,+,+,-,-,+,-,-,-,-,+,+,-,-,+,-,-,-,-,+,151153,55822,1,2019-11-19 10:25:52,2019-11-19 09:25:52,,2019-11-19 09:25:52
86,,-,+,-,-,+,-,+,+,-,-,+,-,+,-,-,+,-,-,-,+,151436,56138,1,2019-11-19 10:25:52,2019-11-19 09:25:52,,2019-11-19 09:25:52
87,,-,+,+,+,+,+,+,+,-,-,+,-,+,-,-,+,-,-,+,+,151447,56149,1,2019-11-19 10:25:52,2019-11-19 09:25:52,,2019-11-19 09:25:52
88,,-,+,-,-,+,+,+,+,-,-,+,+,-,-,-,+,-,+,-,+,151487,56189,1,2019-11-19 10:25:52,2019-11-19 09:25:52,,2019-11-19 09:25:52
89,,-,+,+,-,+,-,+,+,-,-,+,-,+,-,-,+,-,+,+,-,151499,56201,1,2019-11-19 10:25:52,2019-11-19 09:25:52,,2019-11-19 09:25:52
90,,-,+,+,-,-,+,+,+,-,-,+,+,+,-,-,+,-,+,+,+,151513,56216,1,2019-11-19 10:25:52,2019-11-19 09:25:52,,2019-11-19 09:25:52
91,,-,-,-,-,-,-,-,-,-,-,-,-,-,-,-,-,-,-,-,-,151536,56239,1,2019-11-19 10:25:52,2019-11-19 09:25:52,,2019-11-19 09:25:52
92,,-,+,+,+,+,+,+,+,-,-,+,+,+,-,-,+,-,+,+,-,151762,56495,1,2019-11-19 10:25:52,2019-11-19 09:25:52,,2019-11-19 09:25:52
93,,-,+,+,+,+,-,+,-,-,-,+,-,+,-,-,+,-,-,+,+,137723,56512,1,2019-11-19 10:25:52,2019-11-19 09:25:52,,2019-11-19 09:25:52
94,,-,+,+,-,-,-,-,-,-,-,-,-,+,-,-,-,-,-,-,+,151895,56662,1,2019-11-19 10:25:52,2019-11-19 09:25:52,,2019-11-19 09:25:52
95,,-,+,+,+,+,+,+,-,-,-,+,+,+,-,-,+,-,+,+,+,152187,57022,1,2019-11-19 10:25:52,2019-11-19 09:25:52,,2019-11-19 09:25:52
96,,-,+,+,+,+,+,+,-,-,-,+,+,+,-,-,+,+,-,-,-,152237,57097,1,2019-11-19 10:25:52,2019-11-19 09:25:52,,2019-11-19 09:25:52
97,,-,+,+,+,+,+,+,-,-,-,+,+,+,-,-,+,-,-,-,-,152238,57098,1,2019-11-19 10:25:52,2019-11-19 09:25:52,,2019-11-19 09:25:52
98,,-,+,+,+,-,-,-,-,-,-,+,+,+,-,-,-,-,+,+,+,152279,57148,1,2019-11-19 10:25:52,2019-11-19 09:25:52,,2019-11-19 09:25:52
99,,-,+,+,+,+,+,+,-,-,-,+,+,+,-,-,+,+,+,-,-,152286,57155,1,2019-11-19 10:25:52,2019-11-19 09:25:52,,2019-11-19 09:25:52
100,,-,+,+,+,+,+,+,-,-,-,+,-,+,-,-,+,+,-,-,-,152287,57156,1,2019-11-19 10:25:52,2019-11-19 09:25:52,,2019-11-19 09:25:52
101,,-,+,+,+,+,+,+,-,-,-,+,+,+,-,-,+,+,-,-,-,152288,57157,1,2019-11-19 10:25:52,2019-11-19 09:25:52,,2019-11-19 09:25:52
102,,-,+,+,+,+,+,+,-,-,-,+,+,+,-,-,+,-,+,+,+,152361,57246,1,2019-11-19 10:25:52,2019-11-19 09:25:52,,2019-11-19 09:25:52
103,,-,+,+,+,-,+,+,-,-,-,+,+,+,-,-,+,-,-,+,+,152362,57247,1,2019-11-19 10:25:52,2019-11-19 09:25:52,,2019-11-19 09:25:52
104,,-,+,+,+,-,+,+,-,-,-,+,+,+,-,-,+,-,+,+,+,152363,57248,1,2019-11-19 10:25:52,2019-11-19 09:25:52,,2019-11-19 09:25:52
105,,-,+,+,+,-,+,+,-,-,-,+,+,+,-,-,+,-,+,+,-,152364,57249,1,2019-11-19 10:25:52,2019-11-19 09:25:52,,2019-11-19 09:25:52
106,,-,+,+,+,-,+,+,-,-,-,+,+,+,-,-,+,-,-,+,-,152365,57250,1,2019-11-19 10:25:52,2019-11-19 09:25:52,,2019-11-19 09:25:52
107,,-,-,-,-,-,-,-,-,-,-,-,+,-,-,-,-,-,-,-,-,152479,57394,1,2019-11-19 10:25:52,2019-11-19 09:25:52,,2019-11-19 09:25:52
108,,-,+,+,+,+,+,+,+,-,-,+,+,+,-,-,+,-,+,+,-,152490,57405,1,2019-11-19 10:25:52,2019-11-19 09:25:52,,2019-11-19 09:25:52
109,,-,+,+,+,+,+,+,+,+,+,+,+,+,-,-,+,-,+,+,+,152595,57550,1,2019-11-19 10:25:52,2019-11-19 09:25:52,,2019-11-19 09:25:52
110,,-,-,-,-,-,-,-,-,-,-,-,-,-,-,-,+,-,-,-,+,7671,57577,1,2019-11-19 10:25:52,2019-11-19 09:25:52,,2019-11-19 09:25:52
111,,-,-,-,-,-,-,-,-,-,-,-,+,-,-,-,-,-,-,-,-,7672,57578,1,2019-11-19 10:25:52,2019-11-19 09:25:52,,2019-11-19 09:25:52
112,,-,+,+,-,+,-,+,-,+,+,-,+,-,-,-,+,-,-,-,-,152666,57638,1,2019-11-19 10:25:52,2019-11-19 09:25:52,,2019-11-19 09:25:52
113,,-,-,-,-,-,-,-,-,-,-,-,-,+,-,-,-,-,-,-,-,153107,58196,1,2019-11-19 10:25:52,2019-11-19 09:25:52,,2019-11-19 09:25:52
114,,-,+,+,-,+,-,+,+,+,+,+,+,+,-,-,+,-,-,-,-,153115,58204,1,2019-11-19 10:25:52,2019-11-19 09:25:52,,2019-11-19 09:25:52
115,,-,+,-,-,+,+,-,-,-,-,+,+,-,-,-,+,-,+,-,-,153367,58524,1,2019-11-19 10:25:52,2019-11-19 09:25:52,,2019-11-19 09:25:52
116,,-,+,+,-,-,-,-,-,-,-,+,-,-,-,-,-,-,-,-,-,153426,58602,1,2019-11-19 10:25:52,2019-11-19 09:25:52,,2019-11-19 09:25:52
117,,-,+,+,+,+,-,+,-,-,-,-,-,-,-,-,+,-,-,-,-,153488,58684,1,2019-11-19 10:25:52,2019-11-19 09:25:52,,2019-11-19 09:25:52
118,,-,-,-,-,-,-,-,-,-,-,+,-,-,-,-,-,-,-,-,-,153499,58698,1,2019-11-19 10:25:52,2019-11-19 09:25:52,,2019-11-19 09:25:52
119,,-,+,+,-,+,+,-,-,-,-,+,+,+,-,-,-,-,+,-,+,153514,58715,1,2019-11-19 10:25:52,2019-11-19 09:25:52,,2019-11-19 09:25:52
120,,-,-,-,-,-,-,-,-,-,-,+,-,-,-,-,-,-,-,-,-,153554,58762,1,2019-11-19 10:25:52,2019-11-19 09:25:52,,2019-11-19 09:25:52
121,,-,-,-,-,-,-,-,-,-,-,-,-,-,-,-,-,-,-,-,-,153565,58780,1,2019-11-19 10:25:52,2019-11-19 09:25:52,,2019-11-19 09:25:52
122,,-,+,+,-,+,-,+,-,-,-,-,+,+,-,-,+,-,-,-,-,153578,58801,1,2019-11-19 10:25:52,2019-11-19 09:25:52,,2019-11-19 09:25:52
123,,-,+,+,+,+,+,+,+,-,-,+,+,+,-,-,+,-,+,-,+,153661,58894,1,2019-11-19 10:25:52,2019-11-19 09:25:52,,2019-11-19 09:25:52
124,,-,+,+,+,+,+,+,-,-,-,+,-,+,-,-,+,-,+,-,-,153690,58933,1,2019-11-19 10:25:52,2019-11-19 09:25:52,,2019-11-19 09:25:52
125,,-,+,+,+,+,-,+,+,-,+,+,+,+,+,+,+,-,+,-,+,153697,58940,1,2019-11-19 10:25:52,2019-11-19 09:25:52,,2019-11-19 09:25:52
126,,-,+,+,+,+,-,+,+,-,-,-,+,+,-,-,+,-,-,-,-,153701,58944,1,2019-11-19 10:25:52,2019-11-19 09:25:52,,2019-11-19 09:25:52
127,,-,+,+,-,+,-,+,+,-,-,-,+,+,-,+,+,-,-,-,-,153702,58945,1,2019-11-19 10:25:52,2019-11-19 09:25:52,,2019-11-19 09:25:52
128,,-,+,+,+,+,+,-,+,-,-,+,-,+,-,-,+,-,-,-,+,153705,58948,1,2019-11-19 10:25:52,2019-11-19 09:25:52,,2019-11-19 09:25:52
129,,-,+,+,-,+,-,+,+,-,-,-,+,+,-,-,+,-,+,-,+,153726,58975,1,2019-11-19 10:25:52,2019-11-19 09:25:52,,2019-11-19 09:25:52
130,,-,+,+,+,+,+,+,+,-,-,+,+,+,-,-,+,-,+,+,+,134860,58994,1,2019-11-19 10:25:52,2019-11-19 09:25:52,,2019-11-19 09:25:52
131,,-,+,+,+,+,+,+,+,+,+,+,+,+,-,-,+,+,+,+,+,153733,59000,1,2019-11-19 10:25:52,2019-11-19 09:25:52,,2019-11-19 09:25:52
132,,-,+,+,+,+,+,+,-,-,-,+,+,+,-,-,+,-,+,+,+,153734,59001,1,2019-11-19 10:25:52,2019-11-19 09:25:52,,2019-11-19 09:25:52
133,,-,+,+,+,+,+,+,-,-,-,+,+,+,-,-,-,-,+,+,-,153735,59002,1,2019-11-19 10:25:52,2019-11-19 09:25:52,,2019-11-19 09:25:52
134,,-,+,+,+,+,+,+,-,-,-,+,+,+,-,-,+,-,+,+,+,153736,59003,1,2019-11-19 10:25:52,2019-11-19 09:25:52,,2019-11-19 09:25:52
135,,-,+,+,+,+,+,+,-,-,-,+,+,-,-,-,+,-,+,+,+,153737,59004,1,2019-11-19 10:25:52,2019-11-19 09:25:52,,2019-11-19 09:25:52
136,,-,+,+,+,+,+,+,+,-,-,+,+,+,-,-,+,-,+,+,+,153738,59005,1,2019-11-19 10:25:52,2019-11-19 09:25:52,,2019-11-19 09:25:52
137,,-,+,+,+,+,+,-,+,-,-,+,+,+,-,-,+,-,-,-,+,153780,59061,1,2019-11-19 10:25:52,2019-11-19 09:25:52,,2019-11-19 09:25:52
138,,-,+,-,-,+,+,-,+,-,-,+,-,-,-,-,+,-,+,-,+,153781,59062,1,2019-11-19 10:25:52,2019-11-19 09:25:52,,2019-11-19 09:25:52
139,,-,+,+,+,+,+,-,+,-,-,+,+,+,-,-,+,-,-,-,+,153782,59063,1,2019-11-19 10:25:52,2019-11-19 09:25:52,,2019-11-19 09:25:52
140,,-,+,+,-,+,+,+,+,-,-,+,+,+,-,-,+,-,+,+,+,153813,59118,1,2019-11-19 10:25:52,2019-11-19 09:25:52,,2019-11-19 09:25:52
141,,-,+,+,+,+,+,+,+,-,-,+,+,+,-,+,+,-,+,-,+,14668,59119,1,2019-11-19 10:25:52,2019-11-19 09:25:52,,2019-11-19 09:25:52
142,,-,+,+,-,+,+,-,-,-,-,+,-,+,-,-,+,-,+,-,+,153828,59136,1,2019-11-19 10:25:52,2019-11-19 09:25:52,,2019-11-19 09:25:52
143,,-,+,+,+,+,+,+,+,-,+,+,+,-,+,+,+,-,+,-,+,135389,59147,1,2019-11-19 10:25:52,2019-11-19 09:25:52,,2019-11-19 09:25:52
144,,-,-,-,-,-,-,-,-,-,-,-,-,-,-,-,-,-,-,-,-,153856,59173,1,2019-11-19 10:25:52,2019-11-19 09:25:52,,2019-11-19 09:25:52
145,,-,+,+,+,+,+,+,+,-,-,-,+,-,-,+,+,-,-,-,+,153874,59199,1,2019-11-19 10:25:52,2019-11-19 09:25:52,,2019-11-19 09:25:52
146,,-,+,+,+,+,+,-,-,-,-,+,+,+,-,-,+,-,+,-,+,153876,59201,1,2019-11-19 10:25:52,2019-11-19 09:25:52,,2019-11-19 09:25:52
147,,-,+,+,+,-,+,+,+,-,-,-,+,-,-,+,+,-,-,-,+,153877,59202,1,2019-11-19 10:25:52,2019-11-19 09:25:52,,2019-11-19 09:25:52
148,,-,+,+,-,+,-,+,-,-,-,+,-,+,-,-,+,-,-,-,+,153890,59237,1,2019-11-19 10:25:52,2019-11-19 09:25:52,,2019-11-19 09:25:52
149,,-,+,+,-,-,+,-,-,-,-,+,-,-,-,-,+,-,-,-,-,153891,59238,1,2019-11-19 10:25:52,2019-11-19 09:25:52,,2019-11-19 09:25:52
150,,-,+,+,+,+,-,+,+,+,-,-,+,+,-,-,-,-,-,-,-,153893,59240,1,2019-11-19 10:25:52,2019-11-19 09:25:52,,2019-11-19 09:25:52
151,,-,+,+,+,+,-,-,-,-,-,-,-,+,-,-,+,-,-,+,+,153906,59254,1,2019-11-19 10:25:52,2019-11-19 09:25:52,,2019-11-19 09:25:52
152,,-,+,+,+,+,+,+,+,-,-,+,+,+,-,-,-,-,-,-,+,153912,59260,1,2019-11-19 10:25:52,2019-11-19 09:25:52,,2019-11-19 09:25:52
153,,-,+,+,+,+,+,+,+,-,-,+,+,-,-,+,+,-,+,-,+,153954,59304,1,2019-11-19 10:25:52,2019-11-19 09:25:52,,2019-11-19 09:25:52
154,,-,+,+,+,-,+,+,-,-,-,+,+,-,-,-,+,-,+,+,+,153957,59308,1,2019-11-19 10:25:52,2019-11-19 09:25:52,,2019-11-19 09:25:52
155,,-,+,+,+,+,+,+,-,-,-,+,+,+,-,-,+,-,-,-,+,153987,59341,1,2019-11-19 10:25:52,2019-11-19 09:25:52,,2019-11-19 09:25:52
156,,-,+,+,+,+,+,+,+,-,-,+,+,+,-,-,+,-,+,-,-,153990,59348,1,2019-11-19 10:25:52,2019-11-19 09:25:52,,2019-11-19 09:25:52
157,,-,+,+,+,+,+,+,+,-,-,+,+,+,-,-,+,-,+,+,+,153992,59350,1,2019-11-19 10:25:52,2019-11-19 09:25:52,,2019-11-19 09:25:52
158,,-,-,-,-,-,-,-,-,-,-,-,-,-,-,-,-,-,-,-,-,7611,59383,1,2019-11-19 10:25:52,2019-11-19 09:25:52,,2019-11-19 09:25:52
159,,-,+,+,+,-,+,+,-,-,-,+,+,-,-,-,-,-,+,-,+,154049,59435,1,2019-11-19 10:25:52,2019-11-19 09:25:52,,2019-11-19 09:25:52
160,,-,+,+,+,-,+,+,+,-,-,+,+,-,-,-,-,-,+,-,+,154050,59436,1,2019-11-19 10:25:52,2019-11-19 09:25:52,,2019-11-19 09:25:52
161,,-,+,+,+,-,+,+,-,-,-,+,+,-,-,-,-,-,+,-,+,154051,59437,1,2019-11-19 10:25:52,2019-11-19 09:25:52,,2019-11-19 09:25:52
162,,-,+,+,+,-,-,+,-,-,-,+,+,+,-,-,+,-,+,+,+,154053,59439,1,2019-11-19 10:25:52,2019-11-19 09:25:52,,2019-11-19 09:25:52
163,,-,+,+,+,-,-,-,-,-,-,+,+,+,-,-,-,-,+,+,+,154054,59440,1,2019-11-19 10:25:52,2019-11-19 09:25:52,,2019-11-19 09:25:52
164,,-,+,+,+,+,-,+,-,-,-,+,-,+,-,-,+,+,-,-,-,154137,59578,1,2019-11-19 10:25:52,2019-11-19 09:25:52,,2019-11-19 09:25:52
165,,-,+,+,+,+,-,+,-,-,-,-,-,+,-,-,+,-,+,-,-,154149,59596,1,2019-11-19 10:25:52,2019-11-19 09:25:52,,2019-11-19 09:25:52
166,,-,-,-,-,-,-,-,-,-,-,-,+,-,-,-,-,-,-,-,-,154255,59713,1,2019-11-19 10:25:52,2019-11-19 09:25:52,,2019-11-19 09:25:52
167,,-,+,+,+,+,-,+,-,-,-,+,-,+,-,-,+,-,-,-,-,154276,59743,1,2019-11-19 10:25:52,2019-11-19 09:25:52,,2019-11-19 09:25:52
168,,-,+,-,-,+,+,+,-,-,-,+,+,-,-,-,+,-,+,-,+,154328,59801,1,2019-11-19 10:25:52,2019-11-19 09:25:52,,2019-11-19 09:25:52
169,,-,+,+,+,+,+,+,-,-,-,+,+,-,+,-,+,-,-,-,+,154329,59802,1,2019-11-19 10:25:52,2019-11-19 09:25:52,,2019-11-19 09:25:52
170,,-,+,+,+,-,-,-,+,-,-,+,-,+,-,-,+,-,-,-,-,154330,59803,1,2019-11-19 10:25:52,2019-11-19 09:25:52,,2019-11-19 09:25:52
171,,-,+,+,-,+,-,+,-,-,-,+,+,-,-,-,+,-,-,-,-,154353,59834,1,2019-11-19 10:25:52,2019-11-19 09:25:52,,2019-11-19 09:25:52
172,,-,+,+,+,+,-,-,-,-,-,+,+,+,-,-,+,-,-,+,-,154372,59856,1,2019-11-19 10:25:52,2019-11-19 09:25:52,,2019-11-19 09:25:52
173,,-,-,-,-,-,-,-,-,-,-,+,-,-,-,-,-,-,-,-,-,154424,59926,1,2019-11-19 10:25:52,2019-11-19 09:25:52,,2019-11-19 09:25:52
174,,-,+,+,+,+,+,-,-,-,-,+,+,+,-,-,-,-,-,+,+,154425,59927,1,2019-11-19 10:25:52,2019-11-19 09:25:52,,2019-11-19 09:25:52
175,,-,+,+,+,-,-,+,-,-,-,+,+,+,-,-,+,-,+,+,-,154455,59981,1,2019-11-19 10:25:52,2019-11-19 09:25:52,,2019-11-19 09:25:52
176,,-,+,+,-,+,+,+,-,-,-,+,+,+,-,-,+,-,-,-,-,154488,60021,1,2019-11-19 10:25:52,2019-11-19 09:25:52,,2019-11-19 09:25:52
177,,-,-,-,-,-,-,-,-,-,-,-,-,-,-,-,-,-,-,-,-,154539,60124,1,2019-11-19 10:25:52,2019-11-19 09:25:52,,2019-11-19 09:25:52
178,,-,+,+,-,+,+,+,+,-,-,-,+,+,-,-,+,-,+,+,-,154564,60175,1,2019-11-19 10:25:52,2019-11-19 09:25:52,,2019-11-19 09:25:52
179,,-,+,+,-,-,-,-,-,-,-,+,-,-,-,-,-,-,-,-,-,154624,60258,1,2019-11-19 10:25:52,2019-11-19 09:25:52,,2019-11-19 09:25:52
180,,-,+,+,+,+,-,+,+,-,-,-,-,-,-,-,-,-,-,-,+,154633,60283,1,2019-11-19 10:25:52,2019-11-19 09:25:52,,2019-11-19 09:25:52
181,,-,-,-,-,-,-,-,-,-,-,-,-,-,-,-,-,-,-,-,-,154645,60298,1,2019-11-19 10:25:52,2019-11-19 09:25:52,,2019-11-19 09:25:52
182,,-,+,+,-,+,-,+,-,-,-,+,-,-,-,-,+,-,-,-,-,154692,60357,1,2019-11-19 10:25:52,2019-11-19 09:25:52,,2019-11-19 09:25:52
183,,-,-,-,-,-,-,-,-,-,-,-,-,-,-,-,-,-,-,-,-,154723,60420,1,2019-11-19 10:25:52,2019-11-19 09:25:52,,2019-11-19 09:25:52
184,,-,-,-,-,-,-,-,-,-,-,-,-,-,-,-,-,-,-,-,-,154724,60421,1,2019-11-19 10:25:52,2019-11-19 09:25:52,,2019-11-19 09:25:52
185,,-,-,-,-,-,-,-,-,-,-,-,+,-,-,-,-,-,-,-,-,154731,60428,1,2019-11-19 10:25:52,2019-11-19 09:25:52,,2019-11-19 09:25:52
186,,-,-,-,-,-,-,-,-,-,-,-,+,-,-,-,-,-,-,-,-,154803,60514,1,2019-11-19 10:25:52,2019-11-19 09:25:52,,2019-11-19 09:25:52
187,,-,+,+,+,+,-,+,-,-,-,+,-,+,-,-,+,-,-,-,-,154842,60560,1,2019-11-19 10:25:52,2019-11-19 09:25:52,,2019-11-19 09:25:52
188,,-,+,+,+,+,-,+,-,-,-,+,-,+,-,-,+,-,-,-,-,154851,60570,1,2019-11-19 10:25:52,2019-11-19 09:25:52,,2019-11-19 09:25:52
189,,-,-,-,-,-,-,-,-,-,-,-,-,-,-,-,-,-,-,-,-,154856,60587,1,2019-11-19 10:25:52,2019-11-19 09:25:52,,2019-11-19 09:25:52
190,,-,+,+,+,+,-,-,-,-,-,-,+,-,-,-,-,-,-,-,+,154867,60599,1,2019-11-19 10:25:52,2019-11-19 09:25:52,,2019-11-19 09:25:52
191,,-,+,-,-,+,-,+,-,-,-,-,-,+,-,-,+,-,-,-,-,154892,60644,1,2019-11-19 10:25:52,2019-11-19 09:25:52,,2019-11-19 09:25:52
192,,-,-,-,-,-,-,-,-,-,-,-,-,-,-,-,-,-,-,-,-,154894,60646,1,2019-11-19 10:25:52,2019-11-19 09:25:52,,2019-11-19 09:25:52
193,,-,-,-,-,-,-,-,-,-,-,-,+,-,-,-,-,-,-,-,-,154895,60647,1,2019-11-19 10:25:52,2019-11-19 09:25:52,,2019-11-19 09:25:52
194,,-,-,-,-,-,-,-,-,-,-,-,-,+,-,-,-,-,-,-,-,154903,60676,1,2019-11-19 10:25:52,2019-11-19 09:25:52,,2019-11-19 09:25:52
195,,-,+,+,+,+,-,+,-,-,-,+,-,+,-,-,+,-,-,-,-,154915,60693,1,2019-11-19 10:25:52,2019-11-19 09:25:52,,2019-11-19 09:25:52
196,,-,-,-,-,-,-,-,-,-,-,-,-,-,-,-,-,-,-,-,-,154916,60694,1,2019-11-19 10:25:52,2019-11-19 09:25:52,,2019-11-19 09:25:52
197,,-,+,+,-,-,+,+,-,-,-,+,+,+,-,+,+,-,+,-,-,154955,60766,1,2019-11-19 10:25:52,2019-11-19 09:25:52,,2019-11-19 09:25:52
198,,-,+,+,+,+,-,+,-,-,-,-,-,+,-,-,+,-,-,-,-,154961,60772,1,2019-11-19 10:25:52,2019-11-19 09:25:52,,2019-11-19 09:25:52
199,,-,+,+,+,+,-,-,-,-,-,+,+,+,-,-,+,-,-,+,-,154967,60778,1,2019-11-19 10:25:52,2019-11-19 09:25:52,,2019-11-19 09:25:52
200,,-,-,-,-,-,-,-,-,-,-,-,+,-,-,-,-,-,-,-,-,154985,60805,1,2019-11-19 10:25:52,2019-11-19 09:25:52,,2019-11-19 09:25:52
201,,-,-,-,-,-,-,-,-,-,-,-,-,-,-,-,-,-,-,-,-,155040,60891,1,2019-11-19 10:25:52,2019-11-19 09:25:52,,2019-11-19 09:25:52
202,,-,+,+,+,+,-,+,-,-,-,+,-,+,-,-,+,-,-,-,-,155072,60936,1,2019-11-19 10:25:52,2019-11-19 09:25:52,,2019-11-19 09:25:52
203,,-,+,+,+,-,-,-,-,-,-,+,+,+,-,-,+,-,+,+,+,155208,61128,1,2019-11-19 10:25:52,2019-11-19 09:25:52,,2019-11-19 09:25:52
204,,-,+,+,+,-,-,-,-,-,-,+,+,+,-,-,+,-,+,+,+,155209,61129,1,2019-11-19 10:25:52,2019-11-19 09:25:52,,2019-11-19 09:25:52
205,,-,+,+,-,-,-,-,-,-,-,-,+,+,-,-,+,-,-,-,-,155270,61216,1,2019-11-19 10:25:52,2019-11-19 09:25:52,,2019-11-19 09:25:52
206,,-,+,+,-,-,+,+,-,-,-,+,+,-,-,+,+,-,+,-,-,14675,61266,1,2019-11-19 10:25:52,2019-11-19 09:25:52,,2019-11-19 09:25:52
207,,-,+,+,+,+,+,+,-,-,-,+,+,-,-,+,+,+,+,-,-,155473,61483,1,2019-11-19 10:25:52,2019-11-19 09:25:52,,2019-11-19 09:25:52
208,,-,+,+,-,+,+,-,-,-,-,-,-,-,-,+,+,-,-,-,-,155502,61517,1,2019-11-19 10:25:52,2019-11-19 09:25:52,,2019-11-19 09:25:52
209,,-,+,+,-,+,+,+,+,-,-,+,-,+,-,-,+,-,-,+,-,155583,61640,1,2019-11-19 10:25:52,2019-11-19 09:25:52,,2019-11-19 09:25:52
210,,-,+,+,+,+,+,+,-,-,-,+,+,+,-,-,+,-,+,-,+,155620,61690,1,2019-11-19 10:25:52,2019-11-19 09:25:52,,2019-11-19 09:25:52
211,,-,-,-,-,-,-,-,-,-,-,-,-,-,-,-,-,-,-,-,-,155706,61815,1,2019-11-19 10:25:52,2019-11-19 09:25:52,,2019-11-19 09:25:52
212,,-,+,+,+,+,+,+,-,-,-,+,+,-,-,-,+,-,+,-,+,155903,62034,1,2019-11-19 10:25:52,2019-11-19 09:25:52,,2019-11-19 09:25:52
213,,-,-,-,-,-,-,-,-,-,-,+,+,-,-,-,-,-,-,-,-,155938,62079,1,2019-11-19 10:25:52,2019-11-19 09:25:52,,2019-11-19 09:25:52
214,,-,+,+,+,+,+,+,-,-,-,-,-,+,-,-,+,-,+,-,-,155987,62157,1,2019-11-19 10:25:52,2019-11-19 09:25:52,,2019-11-19 09:25:52
215,,-,-,-,-,-,-,-,-,-,-,-,+,-,-,-,-,-,-,-,-,156294,62533,1,2019-11-19 10:25:52,2019-11-19 09:25:52,,2019-11-19 09:25:52
216,,-,+,+,+,+,+,-,-,-,-,+,-,+,-,-,+,-,-,-,+,156333,62572,1,2019-11-19 10:25:52,2019-11-19 09:25:52,,2019-11-19 09:25:52
217,,-,+,+,-,+,+,+,+,-,-,+,+,+,-,-,+,-,+,+,-,141756,44893,1,2019-11-19 10:25:52,2019-11-19 09:25:52,,2019-11-19 09:25:52
218,,-,+,+,-,+,+,+,-,-,-,-,-,+,-,-,+,-,+,-,+,141758,44897,1,2019-11-19 10:25:52,2019-11-19 09:25:52,,2019-11-19 09:25:52
219,,-,+,+,-,-,-,-,-,-,-,-,-,-,-,-,-,-,-,-,-,156917,63370,1,2019-11-19 10:25:52,2019-11-19 09:25:52,,2019-11-19 09:25:52
220,,-,+,+,+,+,+,-,+,-,-,+,+,-,-,-,+,-,+,+,+,156921,63374,1,2019-11-19 10:25:52,2019-11-19 09:25:52,,2019-11-19 09:25:52
221,,-,+,+,+,+,+,+,-,-,-,+,+,+,-,-,+,-,+,+,+,156970,63434,1,2019-11-19 10:25:52,2019-11-19 09:25:52,,2019-11-19 09:25:52
222,,-,+,-,-,+,-,+,-,-,-,-,-,+,-,-,+,-,-,-,-,132215,63799,1,2019-11-19 10:25:52,2019-11-19 09:25:52,,2019-11-19 09:25:52
223,,-,+,+,+,+,+,+,+,-,-,+,+,+,-,-,+,-,+,+,+,141825,44981,1,2019-11-19 10:25:52,2019-11-19 09:25:52,,2019-11-19 09:25:52
