ID_nutrition_type,nutrition_type,ID_strains,ID_reference,manual_annotation,last_change
1077,chemoheterotroph,1264,22902,1,2016-05-19 13:22:10
1078,photoheterotroph,2421,22907,1,2016-05-19 13:22:10
1079,chemoheterotroph,2421,22907,1,2016-05-19 13:22:10
1080,heterotroph,26,23239,1,2017-01-20 09:59:21
1081,chemoorganotroph,60,23246,1,2017-01-20 09:59:21
1082,photoheterotroph,60,23246,1,2017-01-20 09:59:21
1083,chemoorganotroph,64,23248,1,2017-01-20 09:59:21
1084,chemoorganotroph,65,23248,1,2017-01-20 09:59:21
1085,chemoorganotroph,81,22964,1,2017-01-20 09:59:21
1086,chemoorganotroph,82,22964,1,2017-01-20 09:59:21
1087,chemoorganotroph,105,22967,1,2017-01-20 09:59:21
1088,autotroph,106,22968,1,2017-01-20 09:59:21
1089,heterotroph,106,22968,1,2017-01-20 09:59:21
1090,chemoorganotroph,136,22971,1,2017-01-20 09:59:21
1091,chemoorganotroph,137,22971,1,2017-01-20 09:59:21
1092,chemoorganotroph,138,22971,1,2017-01-20 09:59:21
1093,chemoorganotroph,139,22971,1,2017-01-20 09:59:21
1094,chemoorganotroph,140,22887,1,2017-01-20 09:59:21
1095,chemoorganotroph,141,23106,1,2017-01-20 09:59:21
1096,chemoorganotroph,242,23254,1,2017-01-20 09:59:21
1097,chemoorganotroph,258,23255,1,2017-01-20 09:59:21
1098,chemoorganotroph,261,23256,1,2017-01-20 09:59:21
1099,chemoorganotroph,279,23259,1,2017-01-20 09:59:21
1100,chemoorganotroph,343,23267,1,2017-01-20 09:59:21
1101,chemoorganotroph,355,23272,1,2017-01-20 09:59:21
1102,chemoorganotroph,377,23280,1,2017-01-20 09:59:21
1103,chemoheterotroph,437,23286,1,2017-01-20 09:59:21
1104,chemoheterotroph,438,23286,1,2017-01-20 09:59:21
1105,chemoorganotroph,449,23289,1,2017-01-20 09:59:21
1106,heterotroph,450,23290,1,2017-01-20 09:59:21
1107,chemoheterotroph,451,23291,1,2017-01-20 09:59:21
1108,heterotroph,470,23294,1,2017-01-20 09:59:21
1109,heterotroph,479,23297,1,2017-01-20 09:59:21
1110,heterotroph,480,23297,1,2017-01-20 09:59:21
1111,chemolithotroph,512,23128,1,2017-01-20 09:59:21
1112,chemolithoautotroph,515,23129,1,2017-01-20 09:59:21
1113,chemolithotroph,525,23130,1,2017-01-20 09:59:21
1114,chemoorganotroph,599,23140,1,2017-01-20 09:59:21
1115,chemoorganotroph,1327,22983,1,2017-01-20 09:59:21
1116,chemoorganotroph,1342,22983,1,2017-01-20 09:59:21
1117,chemoorganotroph,1343,22983,1,2017-01-20 09:59:21
1118,chemoorganoheterotroph,1385,23016,1,2017-01-20 09:59:21
1119,chemoorganoheterotroph,1402,23027,1,2017-01-20 09:59:21
1120,chemoorganotroph,1403,23029,1,2017-01-20 09:59:21
1121,chemoorganotroph,1419,23042,1,2017-01-20 09:59:21
1122,chemoorganotroph,1437,23044,1,2017-01-20 09:59:21
1123,chemoorganotroph,1438,23042,1,2017-01-20 09:59:21
1124,chemoorganotroph,1446,23044,1,2017-01-20 09:59:21
1125,chemoorganotroph,1450,23036,1,2017-01-20 09:59:21
1126,chemoorganotroph,1452,23042,1,2017-01-20 09:59:21
1127,chemoorganotroph,1459,23041,1,2017-01-20 09:59:21
1128,chemoorganotroph,1460,23041,1,2017-01-20 09:59:21
1129,heterotroph,1485,23053,1,2017-01-20 09:59:21
1130,chemoorganotroph,1653,23363,1,2017-01-20 09:59:21
1131,chemoorganotroph,1773,23157,1,2017-01-20 09:59:21
1132,chemolithoheterotroph,1786,23322,1,2017-01-20 09:59:21
1133,photoheterotroph,1801,23326,1,2017-01-20 09:59:21
1134,photoautotroph,1801,23326,1,2017-01-20 09:59:21
1135,chemoorganotroph,1878,23334,1,2017-01-20 09:59:21
1136,chemolithoautotroph,2055,23161,1,2017-01-20 09:59:21
1137,chemolithoautotroph,2061,23162,1,2017-01-20 09:59:21
1138,chemoorganotroph,2076,23163,1,2017-01-20 09:59:21
1139,chemoorganotroph,2079,23164,1,2017-01-20 09:59:21
1140,chemoorganotroph,2080,23165,1,2017-01-20 09:59:21
1141,chemoorganotroph,2081,23166,1,2017-01-20 09:59:21
1142,chemoorganotroph,2090,23168,1,2017-01-20 09:59:21
1143,chemoorganotroph,2339,23073,1,2017-01-20 09:59:21
1144,phototroph,2395,23074,1,2017-01-20 09:59:21
1145,phototroph,2396,23074,1,2017-01-20 09:59:21
1146,phototroph,2397,23074,1,2017-01-20 09:59:21
1147,phototroph,2398,23074,1,2017-01-20 09:59:21
1148,phototroph,2401,23074,1,2017-01-20 09:59:21
1149,photoheterotroph,2416,23075,1,2017-01-20 09:59:21
1150,chemoheterotroph,2416,23075,1,2017-01-20 09:59:21
1151,chemoorganotroph,2965,23086,1,2017-01-20 09:59:21
1152,chemolithoautotroph,2965,23086,1,2017-01-20 09:59:21
1153,chemoorganotroph,2966,23086,1,2017-01-20 09:59:21
1154,chemolithoautotroph,2966,23086,1,2017-01-20 09:59:21
1155,chemoorganotroph,2968,23086,1,2017-01-20 09:59:21
1156,chemolithoautotroph,2968,23086,1,2017-01-20 09:59:21
1157,chemoorganotroph,2982,23088,1,2017-01-20 09:59:21
1158,chemolithotroph,2983,23089,1,2017-01-20 09:59:21
1159,organotroph,2983,23089,1,2017-01-20 09:59:21
1160,chemoorganotroph,3022,23093,1,2017-01-20 09:59:21
1161,chemoorganotroph,3032,23095,1,2017-01-20 09:59:21
1162,chemoorganotroph,3033,23096,1,2017-01-20 09:59:21
1163,chemoorganotroph,3034,23094,1,2017-01-20 09:59:21
1164,chemoorganotroph,3035,23094,1,2017-01-20 09:59:21
1165,chemoorganotroph,3195,23185,1,2017-01-20 09:59:21
1166,heterotroph,3841,23104,1,2017-01-20 09:59:21
1167,chemoorganotroph,3901,23351,1,2017-01-20 09:59:21
1168,chemoorganotroph,3987,23372,1,2017-01-20 09:59:21
1169,chemoorganotroph,3988,23372,1,2017-01-20 09:59:21
1170,chemolithoautotroph,4032,23208,1,2017-01-20 09:59:21
1171,lithoheterotroph,4034,23206,1,2017-01-20 09:59:21
1172,lithoheterotroph,4064,23209,1,2017-01-20 09:59:21
1173,lithotroph,4065,23210,1,2017-01-20 09:59:21
1174,chemoorganoheterotroph,4167,23215,1,2017-01-20 09:59:21
1175,chemolithoautotroph,4189,23219,1,2017-01-20 09:59:21
1176,chemolithoautotroph,4190,23219,1,2017-01-20 09:59:21
1177,chemolithoautotroph,4191,23220,1,2017-01-20 09:59:21
1178,heterotroph,4192,23221,1,2017-01-20 09:59:21
1179,heterotroph,4195,23222,1,2017-01-20 09:59:21
1180,heterotroph,4196,23223,1,2017-01-20 09:59:21
1181,chemoorganoheterotroph,4199,23225,1,2017-01-20 09:59:21
1182,chemoorganoheterotroph,4200,23226,1,2017-01-20 09:59:21
1183,heterotroph,4205,23228,1,2017-01-20 09:59:21
1184,chemoorganotroph,4210,23229,1,2017-01-20 09:59:21
1185,chemoorganotroph,4238,23229,1,2017-01-20 09:59:21
1186,chemoorganotroph,4241,23231,1,2017-01-20 09:59:21
1187,chemoorganotroph,5381,23246,1,2017-01-20 09:59:21
1188,chemoorganotroph,130201,22994,1,2017-01-20 09:59:21
1189,chemolithoautotroph,133124,25176,1,2017-08-25 13:08:09
1190,heterotroph,131722,25097,1,2017-08-25 13:08:09
1191,chemoorganotroph,131722,25097,1,2017-08-25 13:08:09
1192,chemoorganotroph,24046,25239,1,2017-08-25 13:08:09
1193,heterotroph,24046,25239,1,2017-08-25 13:08:09
1194,chemoorganotroph,133137,24902,1,2017-08-25 13:08:09
1195,chemoorganoheterotroph,133133,24904,1,2017-08-25 13:08:09
1196,chemolithoautotroph,132647,24932,1,2017-08-25 13:08:09
1197,heterotroph,133158,24933,1,2017-08-25 13:08:09
1198,chemoorganoheterotroph,133159,24934,1,2017-08-25 13:08:09
1199,chemoheterotroph,132650,24961,1,2017-08-25 13:08:09
1201,heterotroph,133165,24940,1,2017-08-25 13:08:09
1202,chemoorganoheterotroph,133167,24941,1,2017-08-25 13:08:09
1203,chemoorganoheterotroph,133168,24943,1,2017-08-25 13:08:09
1204,chemoorganotroph,133172,24947,1,2017-08-25 13:08:09
1205,heterotroph,133174,24950,1,2017-08-25 13:08:09
1206,chemoorganotroph,133181,24960,1,2017-08-25 13:08:09
1207,chemoheterotroph,133006,24984,1,2017-08-25 13:08:09
1208,chemoheterotroph,133188,24984,1,2017-08-25 13:08:09
1209,heterotroph,133007,24987,1,2017-08-25 13:08:09
1210,chemoorganotroph,133197,24995,1,2017-08-25 13:08:09
1211,chemolithoautotroph,132676,25005,1,2017-08-25 13:08:09
1212,chemolithoautotroph,132677,25005,1,2017-08-25 13:08:09
1213,chemoorganotroph,2740,25020,1,2017-08-25 13:08:09
1214,chemoorganotroph,132681,25038,1,2017-08-25 13:08:09
1215,chemoorganotroph,133214,25016,1,2017-08-25 13:08:09
1216,heterotroph,131723,25097,1,2017-08-25 13:08:09
1217,chemoorganotroph,131723,25097,1,2017-08-25 13:08:09
1218,heterotroph,131724,25097,1,2017-08-25 13:08:09
1219,chemoorganotroph,131724,25097,1,2017-08-25 13:08:09
1220,chemoorganotroph,133020,25063,1,2017-08-25 13:08:09
1221,chemoorganoheterotroph,133021,25047,1,2017-08-25 13:08:09
1222,heterotroph,133023,25111,1,2017-08-25 13:08:09
1223,organoheterotroph,133266,25079,1,2017-08-25 13:08:09
1224,chemoorganoheterotroph,133028,25108,1,2017-08-25 13:08:09
1225,chemoorganotroph,132033,25075,1,2017-08-25 13:08:09
1226,organotroph,133268,25124,1,2017-08-25 13:08:09
1227,heterotroph,133030,25114,1,2017-08-25 13:08:09
1228,chemoorganotroph,133033,25069,1,2017-08-25 13:08:09
1229,chemoorganotroph,133274,25134,1,2017-08-25 13:08:09
1230,chemoorganotroph,133277,25125,1,2017-08-25 13:08:09
1231,chemoorganotroph,133279,25120,1,2017-08-25 13:08:09
1232,chemoheterotroph,133280,25119,1,2017-08-25 13:08:09
1233,heterotroph,133281,25112,1,2017-08-25 13:08:09
1234,chemoheterotroph,133283,25098,1,2017-08-25 13:08:09
1235,chemoorganotroph,133291,25088,1,2017-08-25 13:08:09
1236,chemoorganoheterotroph,133292,25084,1,2017-08-25 13:08:09
1237,chemoorganotroph,133302,25051,1,2017-08-25 13:08:09
1238,heterotroph,133308,25151,1,2017-08-25 13:08:09
1239,chemoorganotroph,133308,25151,1,2017-08-25 13:08:09
1240,heterotroph,133315,25161,1,2017-08-25 13:08:09
1241,chemolithotroph,133320,25149,1,2017-08-25 13:08:09
1242,chemoheterotroph,133330,25183,1,2017-08-25 13:08:09
1243,chemoorganotroph,133335,25172,1,2017-08-25 13:08:09
1244,chemolithoautotroph,133068,25213,1,2017-08-25 13:08:09
1245,chemoheterotroph,133340,25181,1,2017-08-25 13:08:09
1246,chemoorganotroph,133341,25202,1,2017-08-25 13:08:09
1247,chemoheterotroph,130688,25202,1,2017-08-25 13:08:09
1248,chemoorganotroph,133345,25171,1,2017-08-25 13:08:09
1249,heterotroph,133073,25209,1,2017-08-25 13:08:09
1250,chemoorganotroph,133074,25203,1,2017-08-25 13:08:09
1251,methylotroph,133349,25194,1,2017-08-25 13:08:09
1252,chemoheterotroph,133077,25205,1,2017-08-25 13:08:09
1253,heterotroph,133368,25221,1,2017-08-25 13:08:09
1254,heterotroph,133093,25270,1,2017-08-25 13:08:09
1255,heterotroph,133387,25285,1,2017-08-25 13:08:09
1256,chemoorganotroph,133405,25276,1,2017-08-25 13:08:09
1257,oligotroph,133409,25245,1,2017-08-25 13:08:09
1258,chemoheterotroph,133412,25265,1,2017-08-25 13:08:09
1259,chemoorganotroph,133112,25292,1,2017-08-25 13:08:09
1260,heterotroph,133121,25311,1,2017-08-25 13:08:09
1261,heterotroph,133122,25304,1,2017-08-25 13:08:09
1262,chemoheterotroph,140461,43193,1,2018-06-08 08:33:01
1263,chemoorganoheterotroph,140272,43207,1,2018-06-08 08:33:01
1264,chemotroph,140462,43177,1,2018-06-08 08:33:01
1265,photoheterotroph,133098,43175,1,2018-06-08 08:33:01
1266,chemoheterotroph,133098,43175,1,2018-06-08 08:33:01
1267,chemoorganotroph,140275,43190,1,2018-06-08 08:33:01
1268,chemolithoautotroph,140464,43181,1,2018-06-08 08:33:01
1269,chemoorganotroph,140468,43188,1,2018-06-08 08:33:01
1270,heterotroph,140293,43225,1,2018-06-08 08:33:01
1271,chemoorganoheterotroph,140294,43228,1,2018-06-08 08:33:01
1272,chemoorganotroph,132606,43106,1,2018-06-08 08:33:01
1273,chemoorganotroph,132607,43106,1,2018-06-08 08:33:01
1274,chemoorganotroph,132608,43106,1,2018-06-08 08:33:01
1275,autotroph,132610,43115,1,2018-06-08 08:33:01
1276,heterotroph,140500,43119,1,2018-06-08 08:33:01
1277,heterotroph,140510,43167,1,2018-06-08 08:33:01
1278,heterotroph,140514,43093,1,2018-06-08 08:33:01
1279,chemoheterotroph,132988,43097,1,2018-06-08 08:33:01
1280,chemoorganotroph,132583,43082,1,2018-06-08 08:33:01
1281,chemoorganotroph,132584,43082,1,2018-06-08 08:33:01
1282,chemoorganotroph,140566,43187,1,2018-06-08 08:33:01
1283,organotroph,140261,43213,1,2018-06-08 08:33:01
1284,heterotroph,140570,43340,1,2018-06-08 08:33:01
1285,chemolithoautotroph,140262,43216,1,2018-06-08 08:33:01
1286,photolithotroph,1825,43202,1,2018-06-08 08:33:01
1287,copiotroph|diazotroph,1825,43202,1,2018-06-08 08:33:01
1288,chemolithoautotroph,140281,43215,1,2018-06-08 08:33:01
1289,autotroph,140281,43215,1,2018-06-08 08:33:01
1290,chemoheterotroph,140283,43219,1,2018-06-08 08:33:01
1291,chemoheterotroph,140282,43219,1,2018-06-08 08:33:01
1292,chemolithoautotroph,11924,43182,1,2018-06-08 08:33:01
1293,chemolithoautotroph,11925,43182,1,2018-06-08 08:33:01
1294,chemolithoautotroph,11931,43182,1,2018-06-08 08:33:01
1295,chemolithoautotroph,11932,43182,1,2018-06-08 08:33:01
1296,chemolithoautotroph,11923,43182,1,2018-06-08 08:33:01
1297,chemolithoautotroph,11933,43182,1,2018-06-08 08:33:01
1298,chemolithoautotroph,11910,43182,1,2018-06-08 08:33:01
1299,chemolithoautotroph,11912,43182,1,2018-06-08 08:33:01
1300,chemolithoautotroph,11913,43182,1,2018-06-08 08:33:01
1301,chemolithoautotroph,11911,43182,1,2018-06-08 08:33:01
1302,chemolithoautotroph,6140,43206,1,2018-06-08 08:33:01
1303,heterotroph,6140,43206,1,2018-06-08 08:33:01
1304,mixotroph,6140,43206,1,2018-06-08 08:33:01
1305,autotroph,140291,43269,1,2018-06-08 08:33:01
1306,heterotroph,140590,43238,1,2018-06-08 08:33:01
1307,chemoorganoheterotroph,140292,43231,1,2018-06-08 08:33:01
1308,chemolithoautotroph,140298,43270,1,2018-06-08 08:33:01
1309,chemoorganotroph,140621,43143,1,2018-06-08 08:33:01
1310,chemoorganoheterotroph,132620,43144,1,2018-06-08 08:33:01
1311,chemoorganoheterotroph,132621,43144,1,2018-06-08 08:33:01
1312,chemoorganoheterotroph,132622,43144,1,2018-06-08 08:33:01
1313,chemolithoautotroph,132623,43156,1,2018-06-08 08:33:01
1314,autotroph,132623,43156,1,2018-06-08 08:33:01
1315,chemoautotroph,132624,43161,1,2018-06-08 08:33:01
1316,chemoheterotroph,132624,43161,1,2018-06-08 08:33:01
1317,chemoorganoheterotroph,132624,43161,1,2018-06-08 08:33:01
1318,chemolithoheterotroph,132624,43161,1,2018-06-08 08:33:01
1319,chemoheterotroph,132579,43068,1,2018-06-08 08:33:01
1320,chemoorganoheterotroph,132588,43087,1,2018-06-08 08:33:01
1321,organotroph,132590,43090,1,2018-06-08 08:33:01
1322,chemoheterotroph,140526,43300,1,2018-06-08 08:33:01
1323,heterotroph,140532,43316,1,2018-06-08 08:33:01
1324,chemoorganotroph,140539,43326,1,2018-06-08 08:33:01
1325,heterotroph,140540,43327,1,2018-06-08 08:33:01
1326,chemoorganotroph,140544,43332,1,2018-06-08 08:33:01
1327,organotroph|photoautotroph,140546,43334,1,2018-06-08 08:33:01
1328,photolithoautotroph,140546,43334,1,2018-06-08 08:33:01
1329,chemoheterotroph,140549,43338,1,2018-06-08 08:33:01
1330,chemoorganotroph,5500,43416,1,2018-06-14 08:58:53
1331,chemoheterotroph,5499,43342,1,2018-06-14 08:58:53
1332,chemoorganotroph,140658,43405,1,2018-06-14 08:58:53
1333,heterotroph,24814,43403,1,2018-06-14 08:58:53
1334,chemoorganotroph,134150,27837,1,2018-06-14 08:58:53
1335,chemoorganotroph,17717,43342,1,2018-06-14 08:58:53
1336,chemoorganotroph,4240,43415,1,2018-06-14 08:58:53
1337,chemoorganotroph,17719,28014,1,2018-06-14 08:58:53
1338,chemoorganotroph,3776,43374,1,2018-06-14 08:58:53
1339,chemoorganotroph,17033,43352,1,2018-06-14 08:58:53
1340,chemoheterotroph,6199,43364,1,2018-06-14 08:58:53
1341,heterotroph,17649,43418,1,2018-06-14 08:58:53
1342,chemoorganotroph,14046,28558,1,2018-06-14 08:58:53
1343,organotroph,24801,43396,1,2018-06-14 08:58:53
1344,chemoorganotroph,5616,43388,1,2018-06-14 08:58:53
1345,chemoorganotroph,5617,43393,1,2018-06-14 08:58:53
1346,chemoorganotroph,3813,43350,1,2018-06-14 08:58:53
1347,chemoorganotroph,17906,28584,1,2018-06-14 08:58:53
1348,chemoorganotroph,11943,28725,1,2018-06-14 08:58:53
1349,chemoheterotroph,24754,43378,1,2018-06-14 08:58:53
1350,chemoheterotroph,24757,43378,1,2018-06-14 08:58:53
1351,chemoheterotroph,24759,43378,1,2018-06-14 08:58:53
1352,heterotroph,18040,43371,1,2018-06-14 08:58:53
1353,chemoheterotroph,140665,43390,1,2018-06-14 08:58:53
1354,heterotroph,17068,43376,1,2018-06-14 08:58:53
1355,chemoorganotroph,5658,26336,1,2018-06-14 08:58:53
1356,chemoorganotroph,2853,25435,1,2018-06-14 08:58:53
1357,chemoorganotroph,17777,43422,1,2018-06-14 08:58:53
1358,chemoheterotroph,5477,43341,1,2018-06-14 08:58:53
1359,chemoorganoheterotroph,18028,28511,1,2018-06-14 08:58:53
1360,chemoorganoheterotroph,18029,28511,1,2018-06-14 08:58:53
1361,chemoorganoheterotroph,18024,43351,1,2018-06-14 08:58:53
1362,chemoorganoheterotroph,140656,43401,1,2018-06-14 08:58:53
1363,chemoorganotroph,18027,43370,1,2018-06-14 08:58:53
1364,organotroph,17820,26085,1,2018-06-14 08:58:53
1365,heterotroph,14134,28434,1,2018-06-14 08:58:53
1366,chemoorganotroph,12496,27900,1,2018-06-14 08:58:53
1367,chemoorganotroph,13692,43385,1,2018-06-14 08:58:53
1368,chemoorganotroph,13690,43385,1,2018-06-14 08:58:53
1369,chemoorganotroph,13691,43385,1,2018-06-14 08:58:53
1370,chemoheterotroph,5636,26520,1,2018-06-14 08:58:53
1371,chemoheterotroph,140669,43433,1,2019-01-25 12:32:00
1372,chemoorganotroph,140676,43440,1,2019-01-25 12:32:00
1373,chemoorganotroph,2537,43456,1,2019-01-25 12:32:00
1374,chemoorganotroph,2650,43456,1,2019-01-25 12:32:00
1375,heterotroph,140692,43461,1,2019-01-25 12:32:00
1376,chemoorganoheterotroph,140357,43466,1,2019-01-25 12:32:00
1377,heterotroph,140699,43469,1,2019-01-25 12:32:00
1378,organoheterotroph,140700,43470,1,2019-01-25 12:32:00
1379,chemoorganoheterotroph,140375,43479,1,2019-01-25 12:32:00
1380,chemoorganoheterotroph,140412,43495,1,2019-01-25 12:32:00
1381,chemolithoautotroph,14319,43496,1,2019-01-25 12:32:00
1382,chemoheterotroph,140719,43497,1,2019-01-25 12:32:00
1383,chemoorganotroph,140723,43501,1,2019-01-25 12:32:00
1384,photoorganoheterotroph,140725,43503,1,2019-01-25 12:32:00
1385,chemoautolithotroph,140730,43509,1,2019-01-25 12:32:00
1386,chemoorganotroph,140734,43513,1,2019-01-25 12:32:00
1387,chemoorganotroph,140735,43513,1,2019-01-25 12:32:00
1388,chemoheterotroph,140737,43516,1,2019-01-25 12:32:00
1389,chemoorganotroph,140747,43524,1,2019-01-25 12:32:00
1390,chemoorganotroph,2806,43524,1,2019-01-25 12:32:00
1391,chemoorganotroph,2765,43524,1,2019-01-25 12:32:00
1392,chemoorganotroph,2646,43524,1,2019-01-25 12:32:00
1393,chemoheterotroph,140750,43528,1,2019-01-25 12:32:00
1394,organoheterotroph,140771,43549,1,2019-01-25 12:32:00
1395,chemoorganoheterotroph,140773,43551,1,2019-01-25 12:32:00
1396,chemoorganoheterotroph,140775,43553,1,2019-01-25 12:32:00
1397,organoheterotroph,140782,43549,1,2019-01-25 12:32:00
1398,chemoorganotroph,140788,43566,1,2019-01-25 12:32:00
1399,chemolithoheterotroph,132628,43576,1,2019-01-25 12:32:00
1400,chemoautolithotroph,6089,43579,1,2019-01-25 12:32:00
1401,chemoorganoheterotroph,132582,43580,1,2019-01-25 12:32:00
1402,chemoorganotroph,2068,43586,1,2019-01-25 12:32:00
1403,chemoorganotroph,2071,43586,1,2019-01-25 12:32:00
1404,chemoorganotroph,2070,43586,1,2019-01-25 12:32:00
1405,chemoorganotroph,2069,43586,1,2019-01-25 12:32:00
1406,chemoheterotroph,140814,43601,1,2019-01-25 12:32:00
1407,chemoorganoheterotroph,140817,43607,1,2019-01-25 12:32:00
1408,chemoautolithotroph,140831,43629,1,2019-01-25 12:32:00
1409,heterotroph,132534,43631,1,2019-01-25 12:32:00
1410,chemoorganotroph,140835,43638,1,2019-01-25 12:32:00
1411,heterotroph,140842,43645,1,2019-01-25 12:32:00
1412,heterotroph,140844,43647,1,2019-01-25 12:32:00
1413,chemoorganoheterotroph,132517,43651,1,2019-01-25 12:32:00
1414,chemoorganoheterotroph,132529,43653,1,2019-01-25 12:32:00
1415,chemoautolithotroph,132490,43669,1,2019-01-25 12:32:00
1416,chemoheterotroph,139044,43689,1,2019-01-25 12:32:00
1417,chemoorganotroph,17779,43698,1,2019-01-25 12:32:00
1418,chemoorganotroph,17777,43698,1,2019-01-25 12:32:00
1419,chemoorganotroph,17778,43698,1,2019-01-25 12:32:00
1420,organotroph,140873,43699,1,2019-01-25 12:32:00
1421,chemoorganotroph,132452,43713,1,2019-01-25 12:32:00
1422,chemoheterotroph,140889,43719,1,2019-01-25 12:32:00
1423,chemoheterotroph,132465,43720,1,2019-01-25 12:32:00
1424,heterotroph,140891,43723,1,2019-01-25 12:32:00
1425,heterotroph,140894,43726,1,2019-01-25 12:32:00
1426,heterotroph,140896,43729,1,2019-01-25 12:32:00
1427,autotroph,132429,43730,1,2019-01-25 12:32:00
1428,chemoheterotroph,140899,43736,1,2019-01-25 12:32:00
1429,chemoorganoheterotroph,140901,43740,1,2019-01-25 12:32:00
1430,organoheterotroph,132428,43763,1,2019-01-25 12:32:00
1431,chemoorganotroph,132385,43774,1,2019-01-25 12:32:00
1432,chemoautolithotroph,140917,43784,1,2019-01-25 12:32:00
1433,chemoorganotroph,140919,43788,1,2019-01-25 12:32:00
1434,chemoorganotroph,132386,43790,1,2019-01-25 12:32:00
1435,chemolithoautotroph,132414,43793,1,2019-01-25 12:32:00
1436,chemoheterotroph,140931,43808,1,2019-01-25 12:32:00
1437,chemoorganotroph,132417,43814,1,2019-01-25 12:32:00
1438,chemoorganotroph,132374,43815,1,2019-01-25 12:32:00
1439,chemoorganotroph,132375,43815,1,2019-01-25 12:32:00
1440,chemoheterotroph,140937,43822,1,2019-01-25 12:32:00
1441,chemoorganotroph,132403,43825,1,2019-01-25 12:32:00
1442,chemoorganotroph,140938,43826,1,2019-01-25 12:32:00
1443,chemoheterotroph,140939,43827,1,2019-01-25 12:32:00
1444,chemoheterotroph,140141,43828,1,2019-01-25 12:32:00
1445,chemoheterotroph,132354,43829,1,2019-01-25 12:32:00
1446,chemolithotroph,132357,43830,1,2019-01-25 12:32:00
1447,chemoheterotroph,140948,43841,1,2019-01-25 12:32:00
1448,chemoheterotroph,140973,43865,1,2019-01-25 12:32:00
1449,chemoorganotroph,140982,43871,1,2019-01-25 12:32:00
1450,chemoorganotroph,140983,43871,1,2019-01-25 12:32:00
1451,chemoorganotroph,140992,43879,1,2019-01-25 12:32:00
1452,chemoorganotroph,140993,43879,1,2019-01-25 12:32:00
1453,heterotroph,140414,43904,1,2019-01-25 12:32:00
1454,chemoautolithotroph,6091,43579,1,2019-01-25 12:32:00
1455,chemoautolithotroph,6092,43579,1,2019-01-25 12:32:00
1456,chemoorganotroph,141051,43931,1,2019-01-25 12:32:00
1457,lithoautotroph,132569,43947,1,2019-01-25 12:32:00
1458,chemoorganotroph,141067,43953,1,2019-01-25 12:32:00
1459,heterotroph,141082,43981,1,2019-01-25 12:32:00
1460,chemoorganoheterotroph,132478,43989,1,2019-01-25 12:32:00
1461,heterotroph,141092,43998,1,2019-01-25 12:32:00
1462,heterotroph,141096,44005,1,2019-01-25 12:32:00
1463,chemoorganotroph,141096,44005,1,2019-01-25 12:32:00
1464,diazotroph,141096,44005,1,2019-01-25 12:32:00
1465,chemoheterotroph,141097,44006,1,2019-01-25 12:32:00
1466,chemoautolithotroph,141102,44010,1,2019-01-25 12:32:00
1467,mixotroph,132415,44025,1,2019-01-25 12:32:00
1468,chemoorganotroph,141116,44027,1,2019-01-25 12:32:00
1469,chemoorganotroph,141117,44028,1,2019-01-25 12:32:00
1470,chemoorganotroph,141120,44032,1,2019-01-25 12:32:00
1471,heterotroph,132412,44034,1,2019-01-25 12:32:00
1472,chemoorganotroph,132361,44040,1,2019-01-25 12:32:00
1473,organoheterotroph,141129,44041,1,2019-01-25 12:32:00
1474,chemoorganotroph,141132,44045,1,2019-01-25 12:32:00
1475,chemoheterotroph,141135,44051,1,2019-01-25 12:32:00
1476,chemoorganotroph,141136,44052,1,2019-01-25 12:32:00
1477,chemoorganotroph,132356,44055,1,2019-01-25 12:32:00
1478,chemoorganotroph,132351,44065,1,2019-01-25 12:32:00
1479,chemoorganotroph,132353,44065,1,2019-01-25 12:32:00
1480,chemoorganotroph,141146,44067,1,2019-01-25 12:32:00
1481,chemoorganotroph,2072,44087,1,2019-01-25 12:32:00
1482,photoheterotroph,158529,65206,1,2019-11-12 11:49:34
1483,photolithoautotroph,158529,65206,1,2019-11-12 11:49:34
1484,chemoorganoheterotroph,158529,65206,1,2019-11-12 11:49:34
1485,autotroph,132366,65215,1,2019-11-12 11:49:34
1486,diazotroph,158540,65231,1,2019-11-12 11:49:34
1487,diazotroph,158541,65231,1,2019-11-12 11:49:34
1488,chemoorganotroph,157132,65238,1,2019-11-12 11:49:34
1489,chemoorganoheterotroph,158281,65280,1,2019-11-12 11:49:34
1490,chemoorganotroph,158583,65294,1,2019-11-12 11:49:34
1491,chemoheterotroph,158595,65308,1,2019-11-12 11:49:34
1492,chemoorganoheterotroph,158322,65345,1,2019-11-12 11:49:34
1493,chemoheterotroph,158621,65346,1,2019-11-12 11:49:34
1494,chemoorganotroph,158363,65369,1,2019-11-12 11:49:34
1495,heterotroph,158363,65369,1,2019-11-12 11:49:34
1496,chemoorganotroph,158668,65397,1,2019-11-12 11:49:34
1497,chemoheterotroph,158282,65404,1,2019-11-12 11:49:34
1498,methanotroph,158679,65411,1,2019-11-12 11:49:34
1499,chemoorganotroph,158680,65415,1,2019-11-12 11:49:34
1500,chemoorganotroph,158280,65416,1,2019-11-12 11:49:34
1501,chemoheterotroph,158682,65418,1,2019-11-12 11:49:34
1502,heterotroph,158689,65426,1,2019-11-12 11:49:34
1503,organotroph,158700,65439,1,2019-11-12 11:49:34
1504,chemoorganotroph,158703,65443,1,2019-11-12 11:49:34
1505,chemoorganotroph,158720,65465,1,2019-11-12 11:49:34
1506,autotroph,158721,65468,1,2019-11-12 11:49:34
1507,heterotroph,158721,65468,1,2019-11-12 11:49:34
1508,mixotroph,158721,65468,1,2019-11-12 11:49:34
1509,chemoorganotroph,158725,65472,1,2019-11-12 11:49:34
1510,chemoorganotroph,158770,65525,1,2019-11-12 11:49:34
1511,chemoorganotroph,158771,65525,1,2019-11-12 11:49:34
1512,methylotroph,158776,65530,1,2019-11-12 11:49:34
1513,chemoorganotroph,157768,65560,1,2019-11-12 11:49:34
1514,chemoorganotroph,158800,65561,1,2019-11-12 11:49:34
1515,autotroph,158274,65564,1,2019-11-12 11:49:34
1516,chemolithoautotroph,158817,65581,1,2019-11-12 11:49:34
1517,organotroph,158817,65581,1,2019-11-12 11:49:34
1518,chemoheterotroph,159700,66563,1,2020-11-11 08:38:36
1519,chemoorganoheterotroph,159703,66550,1,2020-11-11 08:38:36
1520,heterotroph,159708,66592,1,2020-11-11 08:38:36
1521,lithotroph,159721,66622,1,2020-11-11 08:38:36
1522,chemoorganoheterotroph,158405,66620,1,2020-11-11 08:38:36
1523,chemoorganoheterotroph,158406,66620,1,2020-11-11 08:38:36
1524,chemoheterotroph,159763,66699,1,2020-11-11 08:38:36
1525,chemoorganotroph,158357,66757,1,2020-11-11 08:38:36
1526,chemoorganotroph,159775,66785,1,2020-11-11 08:38:36
1527,chemoorganotroph,135100,66611,1,2020-11-11 08:38:36
1528,chemolithotroph,159828,66656,1,2020-11-11 08:38:36
1529,methylotroph,159850,66754,1,2020-11-11 08:38:36
1530,chemoheterotroph,159855,66557,1,2020-11-11 08:38:36
1531,chemolithoautotroph,132090,66571,1,2020-11-11 08:38:36
1532,heterotroph,158342,66576,1,2020-11-11 08:38:36
1533,heterotroph,158372,66647,1,2020-11-11 08:38:36
1534,chemoorganotroph,158372,66647,1,2020-11-11 08:38:36
1535,chemoorganotroph,158415,66651,1,2020-11-11 08:38:36
1536,chemoheterotroph,159888,66652,1,2020-11-11 08:38:36
1537,chemoheterotroph,164191,67775,1,2021-12-14 12:10:04
1538,chemoheterotroph,166438,67777,1,2021-12-14 12:10:04
1539,chemoheterotroph,166439,67777,1,2021-12-14 12:10:04
1540,heterotroph,166424,67782,1,2021-12-14 12:10:04
1541,chemoorganoheterotroph,158449,67788,1,2021-12-14 12:10:04
1542,chemoorganotroph,158483,67845,1,2021-12-14 12:10:04
1543,chemolithoautotroph,24820,67866,1,2021-12-14 12:10:04
1544,chemolithoautotroph,6149,67866,1,2021-12-14 12:10:04
1545,chemoheterotroph,166537,67896,1,2021-12-14 12:10:04
1546,chemoorganoheterotroph,166531,67948,1,2021-12-14 12:10:04
1547,chemoheterotroph,166171,67963,1,2021-12-14 12:10:04
1548,chemoorganotroph,166233,67979,1,2021-12-14 12:10:04
1549,chemoorganotroph,166168,67987,1,2021-12-14 12:10:04
1550,chemoorganotroph,159352,68000,1,2021-12-14 12:10:04
1551,heterotroph,159352,68000,1,2021-12-14 12:10:04
1552,chemolithoautotroph,166194,68008,1,2021-12-14 12:10:04
1553,heterotroph,157981,68022,1,2021-12-14 12:10:04
1554,chemoorganotroph,166243,68030,1,2021-12-14 12:10:04
1555,chemoheterotroph,166276,68041,1,2021-12-14 12:10:04
1556,chemoheterotroph,164516,68043,1,2021-12-14 12:10:04
1557,chemoorganotroph,164467,68047,1,2021-12-14 12:10:04
1558,heterotroph,163760,68059,1,2021-12-14 12:10:04
1559,chemoorganotroph,166135,68069,1,2021-12-14 12:10:04
1560,methylotroph,166104,67902,1,2021-12-14 12:10:04
1561,heterotroph,166399,68088,1,2021-12-14 12:10:04
1562,chemolithoheterotroph,166352,68117,1,2021-12-14 12:10:04
1563,chemoorganotroph,159090,68144,1,2021-12-14 12:10:04
1564,chemoheterotroph,166144,68147,1,2021-12-14 12:10:04
1565,chemoheterotroph,166206,68150,1,2021-12-14 12:10:04
1566,chemolithoautotroph,159192,68181,1,2021-12-14 12:10:04
1567,chemoorganotroph,166226,68197,1,2021-12-14 12:10:04
1568,heterotroph,159616,68199,1,2021-12-14 12:10:04
1569,chemoorganotroph,166260,68205,1,2021-12-14 12:10:04
1570,chemoorganotroph,159203,68228,1,2021-12-14 12:10:04
1571,chemoorganotroph,159679,68248,1,2021-12-14 12:10:04
1572,methylotroph,164450,68265,1,2021-12-14 12:10:04
1573,chemoorganotroph,159185,68269,1,2021-12-14 12:10:04
1574,methanotroph,166308,68282,1,2021-12-14 12:10:04
1575,chemoorganotroph,166324,68296,1,2021-12-14 12:10:04
1576,chemoorganoheterotroph,166366,68316,1,2021-12-14 12:10:04
1577,chemolithoautotroph,160797,68324,1,2021-12-14 12:10:04
1578,chemoorganotroph,166128,68335,1,2021-12-14 12:10:04
1579,chemoheterotroph,166393,68339,1,2021-12-14 12:10:04
1580,chemoheterotroph,166394,68339,1,2021-12-14 12:10:04
1581,chemoheterotroph,166395,68339,1,2021-12-14 12:10:04
1582,chemoorganoheterotroph,166365,68355,1,2021-12-14 12:10:04
1583,chemoheterotroph,166411,68362,1,2021-12-14 12:10:04
1584,chemoorganotroph,166413,68364,1,2021-12-14 12:10:04
